{
  "ConfigVersion": "2.0.0",
  "context": "<none>",
  "deploymentLock": true,
  "LZVersion": "2.0.5",
  "MgmtGrId": "mg-corp",
  "number": "<none>",
  "project": "acoe",
  "ResourceNames": {
    "rgRsvNorthEurope": "rg-acoe-prd-rsv-neu",
    "rgRsvWestEurope": "rg-acoe-prd-rsv-weu",
    "rgVnet": "rg-acoe-prd-vnet",
    "rsvNameNorthEurope": "rsv-acoe-prd-neu",
    "rsvNameWestEurope": "rsv-acoe-prd-weu",
    "vnetName": "vnt-acoe-prd-weu"
  },
  "stage": "prd",
  "Tag": {
    "ccoe_billingID": "acoe2303",
    "ccoe_owner": "manuel.weber@aldi-nord.de",
    "ccoe_project": "acoe",
    "ccoe_stage": "prd",
    "ccoe_technicalcontact": "manuel.weber@aldi-nord.de",
    "ccoe_workloadteam": "AZR.AA.ALL.O365.sub-acoe-prd.Notification@aldi-nord.com"
  },
  "vnetAddressPrefix": "10.227.184.0/22",
  "vnetDNSServers": [
    "10.228.34.42"
  ]
}
