{
  "ConfigVersion": "2.0.0",
  "context": "<none>",
  "deploymentLock": true,
  "LZVersion": "2.0.5",
  "MgmtGrId": "mg-corp",
  "number": "<none>",
  "project": "invs",
  "ResourceNames": {
    "rgRsvNorthEurope": "rg-invs-prd-rsv-neu",
    "rgRsvWestEurope": "rg-invs-prd-rsv-weu",
    "rgVnet": "rg-invs-prd-vnet",
    "rsvNameNorthEurope": "rsv-invs-prd-neu",
    "rsvNameWestEurope": "rsv-invs-prd-weu",
    "vnetName": "vnt-weu-prd-invs"
  },
  "stage": "prd",
  "Tag": {
    "ccoe_billingID": "INVS_202204",
    "ccoe_lz_maintenance": "2ndThursday1300",
    "ccoe_owner": "sascha.dimmig@aldi-nord.de",
    "ccoe_project": "invs",
    "ccoe_stage": "prd",
    "ccoe_technicalcontact": "thomas.schipper@aldi-nord.de",
    "ccoe_workloadteam": "AZR.AA.ALL.O365.sub-invs-prd.Notification@aldi-nord.com"
  },
  "vnetAddressPrefix": "10.227.88.0/25",
  "vnetDNSServers": [
    "10.228.34.42"
  ]
}
