{
  "ConfigVersion": "2.0.0",
  "context": "<none>",
  "deploymentLock": true,
  "LZVersion": "2.0.5",
  "MgmtGrId": "mg-corp",
  "number": "<none>",
  "project": "dpin",
  "ResourceNames": {
    "rgRsvNorthEurope": "rg-dpin-prod-rsv-neu",
    "rgRsvWestEurope": "rg-dpin-prod-rsv-weu",
    "rgVnet": "rg-dpin-prod-vnet",
    "rsvNameNorthEurope": "rsv-dpin-prod-neu",
    "rsvNameWestEurope": "rsv-dpin-prod-weu",
    "vnetName": "vnt-dpin-prod-weu"
  },
  "stage": "prod",
  "Tag": {
    "ccoe_billingID": "DE708060",
    "ccoe_owner": "danilo.guziolek@aldi-nord.de",
    "ccoe_project": "dpin",
    "ccoe_stage": "prod",
    "ccoe_technicalcontact": "norman.barth@aldi-nord.de",
    "ccoe_workloadteam": "AZR.AA.ALL.O365.sub-dpin-prod.Notification@aldi-nord.com"
  },
  "vnetAddressPrefix": "10.227.152.0/22",
  "vnetDNSServers": [
    "10.228.34.42"
  ]
}
