{
  "ConfigVersion": "2.0.0",
  "context": "<none>",
  "deploymentLock": true,
  "LZVersion": "2.1.0",
  "MgmtGrId": "mg-corp",
  "number": "<none>",
  "project": "cfs",
  "ResourceNames": {
    "rgRsvNorthEurope": "rg-cfs-prd-rsv-neu",
    "rgRsvWestEurope": "rg-cfs-prd-rsv-weu",
    "rgVnet": "rg-cfs-prd-vnet",
    "rsvNameNorthEurope": "rsv-cfs-prd-neu",
    "rsvNameWestEurope": "rsv-cfs-prd-weu",
    "vnetName": "vnt-cfs-prd-weu"
  },
  "stage": "prd",
  "Tag": {
    "ccoe_billingID": "dops0923",
    "ccoe_owner": "thorsten.frees@aldi-nord.de",
    "ccoe_project": "cfs",
    "ccoe_stage": "prd",
    "ccoe_technicalcontact": "thorsten.frees@aldi-nord.de",
    "ccoe_workloadteam": "AZR.AA.ALL.O365.sub-cfs-prd.Notification@aldi-nord.com"
  },
  "vnetAddressPrefix": "10.227.196.0/24",
  "vnetDNSServers": [
    "10.228.34.42"
  ]
}
