{
  "$schema": "https://schema.management.azure.com/schemas/2019-04-01/deploymentParameters.json#",
  "contentVersion": "1.0.0.0",
  "parameters": {
    "serviceHealthAlertsParameters": {
      "value": {
        "serviceHealthAlerts": [
          {
            "name": "CCoE_Platform_Connectivity_Service_Health",
            "alertDescription": "Service Health issue has been detected in Management subscription",
            "location": "Global",
            "scopes": [
              "/subscriptions/8406eed5-3171-437f-90bf-184f698e5fd7"
            ],
            "enabled": true,
            "conditions": [
              {
                "equals": "ServiceHealth",
                "field": "category"
              },
              {
                "equals": "Incident",
                "field": "properties.incidentType"
              }
            ]
          },
          {
            "name": "CCoE_Platform_Connectivity_Health_Advisory",
            "alertDescription": "Health Advisory is available for Management subscription",
            "location": "Global",
            "scopes": [
              "/subscriptions/8406eed5-3171-437f-90bf-184f698e5fd7"
            ],
            "enabled": true,
            "conditions": [
              {
                "equals": "ServiceHealth",
                "field": "category"
              },
              {
                "equals": "Action Required",
                "field": "properties.incidentType"
              }
            ]
          },
          {
            "name": "CCoE_Platform_Connectivity_Planned_maintenance",
            "alertDescription": "Planned maintenance information is available for Connectivity subscription",
            "location": "Global",
            "scopes": [
              "/subscriptions/8406eed5-3171-437f-90bf-184f698e5fd7"
            ],
            "enabled": true,
            "conditions": [
              {
                "equals": "ServiceHealth",
                "field": "category"
              },
              {
                "equals": "Maintenance",
                "field": "properties.incidentType"
              }
            ]
          }
        ]
      }
    },
    "securityAdvisoriesParameters": {
      "value": {
        "name": "CCoE_Platform_Connectivity_Security_advisories",
        "alertDescription": "Security advisories are available for Connectivity subscription",
        "location": "Global",
        "scopes": [
          "/subscriptions/8406eed5-3171-437f-90bf-184f698e5fd7"
        ],
        "enabled": true,
        "conditions": [
          {
            "equals": "ServiceHealth",
            "field": "category"
          },
          {
            "equals": "Security",
            "field": "properties.incidentType"
          }
        ]
      }
    },
    "actionGroupPCSMParameters": {
      "value": {
        "name": "agr-platformCoreConnectivityServicesMonitoring-prd",
        "shortName": "agr-pcsm-prd",
        "emailReceivers": [
          {
            "name": "JakubChwala",
            "emailAddress": "jakub.chwala@ext.aldi-nord.de",
            "useCommonAlertSchema": true
          },
          {
            "name": "PlatformTeamMailbox",
            "emailAddress": "ccoe-platform@aldi-nord.de",
            "useCommonAlertSchema": true
          },
          {
            "name": "PlatformTeamsChannel",
            "emailAddress": "77c34fc1.aldi-nord.com@emea.teams.ms",
            "useCommonAlertSchema": true
          }
        ]
      }
    },
    "actionGroupSOCParameters": {
      "value": {
        "name": "agr-platformConnectivitySOC-prd",
        "shortName": "agr-soc-prd",
        "emailReceivers": [
          {
            "name": "SOC",
            "emailAddress": "cyberdefensecenter@aldi-nord.de",
            "useCommonAlertSchema": true
          },
          {
            "name": "PlatformTeamMailbox",
            "emailAddress": "ccoe-platform@aldi-nord.de",
            "useCommonAlertSchema": true
          },
          {
            "name": "PlatformTeamsSecurityChannel",
            "emailAddress": "6a3976f6.aldi-nord.com@emea.teams.ms",
            "useCommonAlertSchema": true
          }
        ]
      }
    },
    "subParameter": {
      "value": {
        "stageShort": "prd",
        "stage": "prd",
        "regionShort": "weu"
      }
    },
    "roleAssignmentsSubscription": {
      "value": [
        {
          "roleDefinitionIdOrName": "Network Contributor",
          "principalId": "08c5ce47-4b58-4eb6-bf06-9ec1c3a48941", // an-de-ohg-sbi-AN-Azure-ControlRepo-prod-mg-management
          "principalType": "ServicePrincipal"
        },
        {
          "roleDefinitionIdOrName": "Network Contributor",
          "principalId": "15041bef-fcd3-4b61-88bc-800e1a2aab05", // an-de-ohg-sbi-AN-Azure-ControlRepo-dev-mg-management. This should be reverted when there will a DDoS Protection Plan in the DEV and not all VNets will be joined to the PROD DDoS Protection Plan
          "principalType": "ServicePrincipal"
        }
      ]
    },
    "saFwPolParameter": {
      "value": {
        "name": "stccoeprdfwpolsrc01",
        "containers": [
          {
            "name": "fwpolicysrc",
            "publicAccess": "None",
            "roleAssignments": [
              {
                "roleDefinitionIdOrName": "Storage Blob Data Reader",
                "principalIds": [
                  "e8eef1de-9e0c-42d6-b36f-627cc8fc670c" // an-de-ohg-sbi-AN-Azure-ControlRepo-prod-mg-connectivity
                ]
              }  
            ]
          }
        ]
      }
    },
    "tags": {
      "value": {
        "ccoe_billingID": "CCOE_202207",
        "ccoe_owner": "Andreas.Heinz@aldi-nord.de",
        "ccoe_project": "CCOE",
        "ccoe_stage": "prd",
        "ccoe_technicalcontact": "Andreas.Heinz@aldi-nord.de",
        "ccoe_workloadteam": "ccoe-platform@aldi-nord.de"
      }
    }
  }
}