{
  "name": "diag-sub-to-AssignedLAW",
  "type": "Microsoft.Authorization/policyDefinitions",
  "apiVersion": "2020-09-01",
  "scope": null,
  "properties": {
    "policyType": "Custom",
    "mode": "All",
    "displayName": "Deploy Diagnostic Settings for Activity Log to Log Analytics workspace",
    "description": "Deploys the diagnostic settings for Activity Log to stream to a Log Analytics workspace when any Activity Log which is missing this diagnostic settings is created or updated. The policy wil  set the diagnostic with category enabled.",
    "metadata": {
      "version": "1.0.0",
      "category": "Monitoring"
    },
    "parameters": {
      "logAnalytics": {
        "type": "String",
        "metadata": {
          "displayName": "Primary Log Analytics workspace",
          "description": "Select Log Analytics workspace from dropdown list. If this workspace is outside of the scope of the assignment you must manually grant 'Log Analytics Contributor' permissions (or similar) to the policy assignment's principal ID.",
          "strongType": "omsWorkspace"
        }
      },
      "effect": {
        "type": "String",
        "defaultValue": "DeployIfNotExists",
        "allowedValues": [
          "DeployIfNotExists",
          "Disabled"
        ],
        "metadata": {
          "displayName": "Effect",
          "description": "Enable or disable the execution of the policy"
        }
      },
      "logsEnabled": {
        "type": "String",
        "defaultValue": "True",
        "allowedValues": [
          "True",
          "False"
        ],
        "metadata": {
          "displayName": "Enable logs",
          "description": "Whether to enable logs stream to the Log Analytics workspace - True or False"
        }
      }
    },
    "policyRule": {
      "if": {
        "allOf": [
          {
            "field": "type",
            "equals": "Microsoft.Resources/subscriptions"
          }
        ]
      },
      "then": {
        "effect": "[parameters('effect')]",
        "details": {
          "type": "Microsoft.Insights/diagnosticSettings",
          "deploymentScope": "Subscription",
          "existenceScope": "Subscription",
          "existenceCondition": {
            "allOf": [
              {
                "field": "Microsoft.Insights/diagnosticSettings/logs.enabled",
                "equals": "true"
              },
              {
                "field": "Microsoft.Insights/diagnosticSettings/workspaceId",
                "equals": "[parameters('logAnalytics')]"
              }
            ]
          },
          "deployment": {
            "location": "${default_location}",
            "properties": {
              "mode": "Incremental",
              "template": {
                "$schema": "https://schema.management.azure.com/schemas/2018-05-01/subscriptionDeploymentTemplate.json#",
                "contentVersion": "1.0.0.0",
                "parameters": {
                  "logAnalytics": {
                    "type": "String"
                  },
                  "logsEnabled": {
                    "type": "String"
                  }
                },
                "variables": {},
                "resources": [
                  {
                    "name": "diag-sub-to-AssignedLAW",
                    "type": "Microsoft.Insights/diagnosticSettings",
                    "apiVersion": "2017-05-01-preview",
                    "location": "Global",
                    "properties": {
                      "workspaceId": "[parameters('logAnalytics')]",
                      "logs": [
                        {
                          "category": "Administrative",
                          "enabled": "[parameters('logsEnabled')]"
                        },
                        {
                          "category": "Security",
                          "enabled": "[parameters('logsEnabled')]"
                        },
                        {
                          "category": "ServiceHealth",
                          "enabled": "[parameters('logsEnabled')]"
                        },
                        {
                          "category": "Alert",
                          "enabled": "[parameters('logsEnabled')]"
                        },
                        {
                          "category": "Recommendation",
                          "enabled": "[parameters('logsEnabled')]"
                        },
                        {
                          "category": "Policy",
                          "enabled": "[parameters('logsEnabled')]"
                        },
                        {
                          "category": "Autoscale",
                          "enabled": "[parameters('logsEnabled')]"
                        },
                        {
                          "category": "ResourceHealth",
                          "enabled": "[parameters('logsEnabled')]"
                        }
                      ]
                    }
                  }
                ],
                "outputs": {}
              },
              "parameters": {
                "logAnalytics": {
                  "value": "[parameters('logAnalytics')]"
                },
                "logsEnabled": {
                  "value": "[parameters('logsEnabled')]"
                }
              }
            }
          },
          "roleDefinitionIds": [
            "/providers/microsoft.authorization/roleDefinitions/b24988ac-6180-42a0-ab88-20f7382dd24c",
            "/providers/microsoft.authorization/roleDefinitions/92aaf0da-9dab-42b6-94a3-d43ce8d16293"
          ]
        }
      }
    }
  }
}