{
  "ConfigVersion": "2.0.0",
  "context": "<none>",
  "deploymentLock": true,
  "LZVersion": "2.1.0",
  "MgmtGrId": "mg-online",
  "number": "<none>",
  "project": "ap20",
  "ResourceNames": {
    "rgRsvNorthEurope": "rg-ap20-tst-rsv-neu",
    "rgRsvWestEurope": "rg-ap20-tst-rsv-weu",
    "rgVnet": "<none>",
    "rsvNameNorthEurope": "rsv-ap20-tst-neu",
    "rsvNameWestEurope": "rsv-ap20-tst-weu",
    "vnetName": "<none>"
  },
  "stage": "tst",
  "Tag": {
    "ccoe_billingID": "ALPL1123",
    "ccoe_owner": "krzysztof.salaga@aldi-nord.de",
    "ccoe_project": "ap20",
    "ccoe_stage": "tst",
    "ccoe_technicalcontact": "bartosz.rys@ext.aldi-nord.de",
    "ccoe_workloadteam": "AZR.AA.ALL.O365.sub-ap20-tst.Notification@aldi-nord.com"
  },
  "vnetAddressPrefix": "<none>",
  "vnetDNSServers": []
}
