{
  "type": "Microsoft.Authorization/policyAssignments",
  "name": "Custom_mg-ALDI",
  "location": "westeurope",
  "identity": {
    "type": "SystemAssigned"
  },
  "properties": {
    "displayName": "ALDI-Custom-Initiative_mg-ALDI",
    "description": "ALDI-Custom Initiative to mg-ALDI",
    "policyDefinitionId": "${ALDI-Custom-Initiative_mg-Aldi-ID}",
    "managementGroupId": "aldi",
    "notScopes": [],
    "parameters": {
      "logAnalytics": {
        "value": "${LAW-Workspace}"
      }
    },
    "metadata": {},
    "enforcementMode": "Default"
  },
  "roles": [
    "/providers/Microsoft.Authorization/roleDefinitions/8e3af657-a8ff-443c-a75c-2fe8c4bcb635", //owner
    "/providers/Microsoft.Authorization/roleDefinitions/056cd41c-7e88-42e1-933e-88ba6a50c9c3", //SQLSecurityManager
    "/providers/Microsoft.Authorization/roleDefinitions/17d1049b-9a84-46fb-8f53-869881c3d3ab", //StorageAccountContributor
    "/providers/Microsoft.Authorization/roleDefinitions/9b7fa17d-e63e-47b0-bb0a-15c516ac86ec", //SQLDBContributor
    "/providers/Microsoft.Authorization/roleDefinitions/fb1c8493-542b-48eb-b624-b4c8fea62acd" //SecurityAdmin
  ]
}
