{
  "type": "Microsoft.Authorization/policyAssignments",
  "name": "Custom_mg-sandbox",
  "location": "westeurope",
  "identity": {
    "type": "SystemAssigned"
  },
  "properties": {
    "displayName": "ALDI-Custom-Initiative_mg-sandbox",
    "description": "ALDI-Custom Initiative to mg-sandbox",
    "policyDefinitionId": "${ALDI-Custom-Initiative_mg-sandbox-ID}",
    "managementGroupId": "sandbox",
    "notScopes": [],
    "parameters": {
    },
    "metadata": {
    },
    "enforcementMode": "Default"
  },
  "roles": [
  ]
}
