{
  "type": "Microsoft.Authorization/policyAssignments",
  "name": "Custom_mg-identity",
  "location": "westeurope",
  "identity": {
    "type": "SystemAssigned"
  },
  "properties": {
    "displayName": "ALDI-Custom-Initiative_mg-identity",
    "description": "ALDI-Custom Initiative to mg-identity",
    "policyDefinitionId": "${ALDI-Custom-Initiative_mg-identity-ID}",
    "managementGroupId": "identity",
    "notScopes": [],
    "parameters": {
    },
    "metadata": {
    },
    "enforcementMode": "Default"
  },
  "roles": [
    "/providers/Microsoft.Authorization/roleDefinitions/4d97b98b-1d4f-4787-a291-c67834d212e7" //networkContributor
  ]
}
