{
    "type": "Microsoft.Authorization/policyAssignments",
    "name": "AzureSecurityBenchmark",
    "location": "westeurope",
    "identity": {
        "type": "SystemAssigned"
    },
    "properties": {
        "displayName": "Azure Security Benchmark",
        "description": "The Azure Security Benchmark initiative represents the policies and controls implementing security recommendations defined in Azure Security Benchmark v2, see https://aka.ms/azsecbm. This also serves as the Azure Security Center default policy initiative. You can directly assign this initiative, or manage its policies and compliance results within Azure Security Center.",
        "policyDefinitionId": "/providers/Microsoft.Authorization/policySetDefinitions/1f3afdf9-d0c9-4c3d-847f-89da613e70a8",
        "managementGroupId": "aldi",
        "notScopes": [],
        "parameters": {
            "certificatesValidityPeriodMonitoringEffect": {
                "value": "audit"
            },
            "secretsExpirationSetEffect": {
                "value": "Audit"
            },
            "keysExpirationSetEffect": {
                "value": "Audit"
            },
            "disableUnrestrictedNetworkToStorageAccountMonitoringEffect": {
                "value": "Audit"
            },
            "windowsWebServersShouldBeConfiguredToUseSecureCommunicationProtocolsMinimumTLSVersion": {
                "value": "1.2"
            },
            "networkWatcherShouldBeEnabledListOfLocations": {
                "value": [
                    "northeurope",
                    "westeurope"
                ]
            },
            "networkWatcherShouldBeEnabledResourceGroupName": {
                "value": "rg-connectivity-network_watcher"
            }
        },
        "enforcementMode": "Default"
    },
    "roles": [
    ]
}