{
    "type": "Microsoft.Authorization/policyAssignments",
    "name": "Az-Monitor-VMs",
    "location": "westeurope",
    "identity": {
        "type": "SystemAssigned"
    },
    "properties": {
        "displayName": "Enable Azure Monitor for VMs",
        "description": "Enable Azure Monitor for the virtual machines (VMs) in the specified scope (management group, subscription or resource group). Takes Log Analytics workspace as parameter.",
        "policyDefinitionId": "/providers/Microsoft.Authorization/policySetDefinitions/55f3eceb-5573-4f18-9695-226972c6d74a",
        "managementGroupId": "aldi",
        "notScopes": [],
        "parameters": {
            "logAnalytics_1": {
                "value": "${LAW-Workspace}"
            }
        },
        "enforcementMode": "Default"
    },
    "roles": [
        "/providers/Microsoft.Authorization/roleDefinitions/92aaf0da-9dab-42b6-94a3-d43ce8d16293" //Log Analytics Contributor
    ]
}