{
  "type": "Microsoft.Authorization/policyAssignments",
  "name": "ISO27001",
  "location": "westeurope",
  "properties": {
    "displayName": "ISO 27001",
    "description": "This initiative includes audit and virtual machine extension deployment policies that address a subset of ISO 27001:2013 controls. Additional policies will be added in upcoming releases. For more information, visit https://aka.ms/iso27001-init.",
    "policyDefinitionId": "/providers/Microsoft.Authorization/policySetDefinitions/89c6cddc-1c73-4ac1-b19c-54d1a15a42f2",
    "managementGroupId": "aldi",
    "notScopes": [],
    "parameters": {
      "listOfResourceTypesWithDiagnosticLogsEnabled": {
        "value": [
          "Microsoft.AnalysisServices/servers",
          "Microsoft.ApiManagement/service",
          "Microsoft.Network/applicationGateways",
          "Microsoft.Automation/automationAccounts",
          "Microsoft.ContainerInstance/containerGroups",
          "Microsoft.ContainerRegistry/registries",
          "Microsoft.ContainerService/managedClusters",
          "Microsoft.Batch/batchAccounts",
          "Microsoft.Cdn/profiles/endpoints",
          "Microsoft.CognitiveServices/accounts",
          "Microsoft.DocumentDB/databaseAccounts",
          "Microsoft.DataFactory/factories",
          "Microsoft.DataLakeAnalytics/accounts",
          "Microsoft.DataLakeStore/accounts",
          "Microsoft.EventGrid/eventSubscriptions",
          "Microsoft.EventGrid/topics",
          "Microsoft.EventHub/namespaces",
          "Microsoft.Network/expressRouteCircuits",
          "Microsoft.Network/azureFirewalls",
          "Microsoft.HDInsight/clusters",
          "Microsoft.Devices/IotHubs",
          "Microsoft.KeyVault/vaults",
          "Microsoft.Network/loadBalancers",
          "Microsoft.Logic/integrationAccounts",
          "Microsoft.Logic/workflows",
          "Microsoft.DBforMySQL/servers",
          "Microsoft.Network/networkInterfaces",
          "Microsoft.Network/networkSecurityGroups",
          "Microsoft.DBforPostgreSQL/servers",
          "Microsoft.PowerBIDedicated/capacities",
          "Microsoft.Network/publicIPAddresses",
          "Microsoft.RecoveryServices/vaults",
          "Microsoft.Relay/namespaces",
          "Microsoft.Cache/redis",
          "Microsoft.Search/searchServices",
          "Microsoft.ServiceBus/namespaces",
          "Microsoft.SignalRService/SignalR",
          "Microsoft.Sql/servers/databases",
          "Microsoft.Sql/servers/elasticPools",
          "Microsoft.StreamAnalytics/streamingjobs",
          "Microsoft.TimeSeriesInsights/environments",
          "Microsoft.Network/trafficManagerProfiles",
          "Microsoft.Compute/virtualMachines",
          "Microsoft.Compute/virtualMachineScaleSets",
          "Microsoft.Network/virtualNetworks",
          "Microsoft.Network/virtualNetworkGateways"
        ]
      }
    },
    "enforcementMode": "Default"
  },
  "identity": {
    "type": "SystemAssigned"
  },
  "roles": [
    "/providers/Microsoft.Authorization/roleDefinitions/b24988ac-6180-42a0-ab88-20f7382dd24c"
  ]
}
