{
  "ConfigVersion": "2.0.0",
  "context": "<none>",
  "deploymentLock": true,
  "LZVersion": "2.0.5",
  "MgmtGrId": "mg-corp",
  "number": "<none>",
  "project": "cms",
  "ResourceNames": {
    "rgRsvNorthEurope": "rg-cms-prd-rsv-neu",
    "rgRsvWestEurope": "rg-cms-prd-rsv-weu",
    "rgVnet": "rg-cms-prd-vnet",
    "rsvNameNorthEurope": "rsv-cms-prd-neu",
    "rsvNameWestEurope": "rsv-cms-prd-weu",
    "vnetName": "vnt-cms-prd-weu"
  },
  "stage": "prd",
  "Tag": {
    "ccoe_billingID": "DE7080050",
    "ccoe_owner": "d.ruettershoff-unger@aldi-nord.de",
    "ccoe_project": "cms",
    "ccoe_stage": "prd",
    "ccoe_technicalcontact": "christoph.schnaedter@aldi-nord.de",
    "ccoe_workloadteam": "AZR.AA.ALL.O365.sub-cms-prd.Notification@aldi-nord.com"
  },
  "vnetAddressPrefix": "10.227.123.0/24",
  "vnetDNSServers": [
    "10.228.34.42"
  ]
}
