{
  "ConfigVersion": "2.0.0",
  "context": "<none>",
  "deploymentLock": true,
  "LZVersion": "2.0.4",
  "MgmtGrId": "mg-online",
  "number": "001",
  "project": "ms",
  "ResourceNames": {
    "rgRsvNorthEurope": "rg-ms-shared-rsv-neu",
    "rgRsvWestEurope": "rg-ms-shared-rsv-weu",
    "rgVnet": "<none>",
    "rsvNameNorthEurope": "rsv-ms-shared-neu",
    "rsvNameWestEurope": "rsv-ms-shared-weu",
    "vnetName": "<none>"
  },
  "stage": "shared",
  "Tag": {
    "ccoe_billingID": "de708041",
    "ccoe_owner": "daniel.richter@aldi-nord.de",
    "ccoe_project": "ms",
    "ccoe_stage": "shared",
    "ccoe_technicalcontact": "dimitri.petruschenko@aldi-nord.de",
    "ccoe_workloadteam": "AZR.AA.ALL.O365.sub-ms-shared-001.Notification@aldi-nord.com"
  },
  "vnetAddressPrefix": "<none>",
  "vnetDNSServers": []
}
