Subscription;ccoe_billingID;ccoe_stage;ccoe_project;ccoe_technicalcontact;ccoe_owner;context;number
sub-azcomp-dev;ACOM_202202;dev;azcomp;alexander.sehr@ext.aldi-nord.de;christian.scholz@aldi-nord.de;<none>;<none>
sub-azcomponl-dev;ACOM_202202;dev;azcomponl;alexander.sehr@ext.aldi-nord.de;christian.scholz@aldi-nord.de;<none>;<none>
sub-aiq-dev;AIQU_202208;dev;aiq;thomas.schipper@aldi-nord.de;tobias.potrykus@aldi-nord.de;<none>;<none>
sub-aiq-prd;AIQU_202208;prd;aiq;tobias.potrykus@aldi-nord.de;tobias.potrykus@aldi-nord.de;<none>;<none>
sub-aiq-shared;AIQU_202208;shared;aiq;tobias.potrykus@aldi-nord.de;tobias.potrykus@aldi-nord.de;<none>;<none>
sub-de-ohg-ats-dcs-aisp-dev;AISP_202203;dev;aisp;thomas.schipper@aldi-nord.de;thomas.schipper@aldi-nord.de;<none>;<none>
sub-aisp-dev;AISP_202203;dev;aisp;thomas.schipper@aldi-nord.de;thomas.schipper@aldi-nord.de;<none>;<none>
sub-aisp-shared;AISP_202203;shared;aisp;thomas.schipper@aldi-nord.de;thomas.schipper@aldi-nord.de;<none>;<none>
sub-apim-dev;APIM_202101;dev;apim;thomas.schipper@aldi-nord.de;frank.austel@ext.aldi-nord.de;<none>;<none>
sub-apim-prd;APIM_202101;prd;apim;thomas.schipper@aldi-nord.de;daniel.nagel@aldi-nord.de;<none>;<none>
sub-de-ohg-ibs-isao-astm-dev;ASTM_202202;dev;astm;marcel.roehrig@aldi-nord.de;sascha.boetzel@aldi-nord.de;<none>;<none>
sub-de-ohg-ibs-isao-astm-fix;ASTM_202202;fix;astm;marcel.roehrig@aldi-nord.de;sascha.boetzel@aldi-nord.de;<none>;<none>
sub-de-ohg-ibs-isao-astm-int;ASTM_202202;int;astm;marcel.roehrig@aldi-nord.de;sascha.boetzel@aldi-nord.de;<none>;<none>
sub-de-ohg-ibs-isao-astm-prd;ASTM_202202;prd;astm;marcel.roehrig@aldi-nord.de;sascha.boetzel@aldi-nord.de;<none>;<none>
sub-stm-shared;ASTM_202202;shared;stm;marcel.roehrig@aldi-nord.de;sascha.boetzel@aldi-nord.de;<none>;<none>
sub-adm-int;ATLA_202205;int;adm;alexander.kruse@aldi-nord.de;alexander.kruse@aldi-nord.de;<none>;<none>
sub-adm-prd;ATLA_202205;prd;adm;alexander.kruse@aldi-nord.de;alexander.kruse@aldi-nord.de;<none>;<none>
sub-de-ohg-se-cs-bco-dev;BCOT_202112;dev;bco;christian.bock@aldi-nord.de;sven.puettmann@aldi-nord.de;<none>;<none>
sub-de-ohg-se-cs-bco-int;BCOT_202112;int;bco;christian.bock@aldi-nord.de;daniel.nagel@aldi-nord.de;<none>;<none>
sub-de-ohg-se-cs-bco-prd;BCOT_202112;prd;bco;christian.bock@aldi-nord.de;daniel.nagel@aldi-nord.de;<none>;<none>
sub-de-ohg-se-cs-bco-shared;BCOT_202112;shared;bco;christian.bock@aldi-nord.de;daniel.nagel@aldi-nord.de;<none>;<none>
sub-usecase-dev;CCOE_202204;dev;usecase;shruti.sharma@ext.aldi-nord.de;christian.scholz@aldi-nord.de;<none>;<none>
sub-mia-prd;CMIA_202201;prd;mia;geoffrey.panhey@aldi-nord.de;geoffrey.panhey@aldi-nord.de;<none>;<none>
sub-deep-poc;DEEP_202102;poc;deep;danilo.guziolek@aldi-nord.de;caroline.methner@aldi-nord.de;<none>;<none>
sub-dom-log;DOML_202112;log;dom;konstantin.eckle@aldi-nord.de;konstantin.eckle@aldi-nord.de;<none>;<none>
sub-cs-test;INFR_201903;test;cs;andriy.malyshenko@ext.aldi-nord.de;arne.boneberger@aldi-nord.de;<none>;<none>
sub-invs-dev;INVS_202204;dev;invs;thomas.schipper@aldi-nord.de;sascha.dimmig@aldi-nord.de;<none>;<none>
sub-invs-prd;INVS_202204;prd;invs;thomas.schipper@aldi-nord.de;sascha.dimmig@aldi-nord.de;<none>;<none>
sub-lims-dev;LIMS_202207;dev;lims;vu-dang-huy.tran@aldi-nord.de;petra.doering@aldi-nord.de;<none>;<none>
sub-lims-int;LIMS_202207;int;lims;vu-dang-huy.tran@aldi-nord.de;petra.doering@aldi-nord.de;<none>;<none>
sub-lims-prd;LIMS_202207;prd;lims;vu-dang-huy.tran@aldi-nord.de;petra.doering@aldi-nord.de;<none>;<none>
sub-lztstcorp-dev;LZST_202203;dev;lztstcorp;lukasz.nedzi@ext.aldi-nord.de;arne.boneberger@aldi-nord.de;<none>;<none>
sub-lztstonline-dev;LZST_202203;dev;lztstonline;lukasz.nedzi@ext.aldi-nord.de;arne.boneberger@aldi-nord.de;<none>;<none>
sub-mlf-prd;MLFA_202204;prd;mlf;benedikt.loewes@aldi-nord.de;eugen.berlin@aldi-nord.de;<none>;<none>
sub-mlf-dev;MLFA_202204;dev;mlf;robin.bloehm@aldi-nord.de;eugen.berlin@aldi-nord.de;<none>;<none>
sub-ngw-prd;NGWP_202201;prd;ngw;jan.endemann@aldi-nord.de;thomas.liedtke@aldi-nord.de;<none>;<none>
sub-pluq-dev;PLUQ_202207;dev;pluq;christina.nadler@aldi-nord.de;christina.nadler@aldi-nord.de;<none>;<none>
sub-pluq-int;PLUQ_202207;int;pluq;christina.nadler@aldi-nord.de;christina.nadler@aldi-nord.de;<none>;<none>
sub-pluq-prd;PLUQ_202207;prd;pluq;christina.nadler@aldi-nord.de;christina.nadler@aldi-nord.de;<none>;<none>
sub-pluq-shared;PLUQ_202207;shared;pluq;christina.nadler@aldi-nord.de;christina.nadler@aldi-nord.de;<none>;<none>
sub-ppbr-dev;PPBR_202207;dev;ppbr;oliver.engels@aldi-nord.de;alyona.rosendahl@aldi-nord.de;<none>;<none>
sub-ppbr-int;PPBR_202207;int;ppbr;oliver.engels@aldi-nord.de;alyona.rosendahl@aldi-nord.de;<none>;<none>
sub-ppbr-prd;PPBR_202207;prd;ppbr;oliver.engels@aldi-nord.de;alyona.rosendahl@aldi-nord.de;<none>;<none>
sub-ppc-prd;PPCN_202202;prd;ppc;christian.kisters@aldi-nord.de;maraalicia.lieber@aldi-nord.de;<none>;<none>
sub-de-ohg-ats-tm-rpa-dev;RPAT_202202;dev;rpa;martin.haferkamp@aldi-nord.de;martin.haferkamp@aldi-nord.de;<none>;<none>
sub-de-ohg-ats-tm-rpa-shared;RPAT_202202;shared;rpa;martin.haferkamp@aldi-nord.de;martin.haferkamp@aldi-nord.de;<none>;<none>
sub-sap4-dev;SAP4_202208;dev;sap4;sascha.dimmig@aldi-nord.de;sascha.dimmig@aldi-nord.de;<none>;<none>
sub-sap4-prd;SAP4_202208;prd;sap4;sascha.dimmig@aldi-nord.de;sascha.dimmig@aldi-nord.de;<none>;<none>
sub-scngo-dev;SCNG_202202;dev;scngo;jonas.brauckmann@aldi-nord.de;bartosz.jablonski@aldi-nord.de;<none>;<none>
sub-scngo-int;SCNG_202202;int;scngo;jonas.brauckmann@aldi-nord.de;bartosz.jablonski@aldi-nord.de;<none>;<none>
sub-scngo-prd;SCNG_202202;prd;scngo;jonas.brauckmann@aldi-nord.de;bartosz.jablonski@aldi-nord.de;<none>;<none>
sub-scngo-shared;SCNG_202202;shared;scngo;jonas.brauckmann@aldi-nord.de;bartosz.jablonski@aldi-nord.de;<none>;<none>
sub-de-ohg-tf-tp-sea-prd;SEAN_202112;prd;sea;markus.vanaalst@aldi-nord.de;markus.vanaalst@aldi-nord.de;<none>;<none>
sub-zba-int;ZBAN_202107;int;zba;;frank.kwiatkowski@aldi-nord.de;<none>;<none>
sub-adm-dev;;dev;adm;alexander.kruse@aldi-nord.de;alexander.kruse@aldi-nord.de;<none>;<none>
sub-ccoe-dev-pa-001;CCOE_202207;dev;ccoe;andriy.malyshenko@ext.aldi-nord.de;andriy.malyshenko@ext.aldi-nord.de;pa;001
sub-sap4-dmz;SAP4_202208;dmz;sap4;sascha.dimmig@aldi-nord.de;sascha.dimmig@aldi-nord.de;<none>;<none>
sub-migr-dev-001;;dev;migr;stefan.jansen@aldi-nord.de;stefan.jansen@aldi-nord.de;<none>;001
sub-migr-prd-001;;prd;migr;stefan.jansen@aldi-nord.de;stefan.jansen@aldi-nord.de;<none>;001
sub-aisp-prd;AISP_202203;prd;aisp;thomas.schipper@aldi-nord.de;sascha.dimmig@aldi-nord.de;<none>;<none>
