{
  "name": "Audit-PrivateLinkUsage",
  "properties": {
    "description": "Compliant resources have at least one approved private endpoint connection",
    "displayName": "Evaluate Private Link Usage Across All Supported Azure Resources",
    "enforcementMode": "Default",
    "notScopes": [],
    "parameters": {},
    "policyDefinitionId": "/providers/Microsoft.Authorization/policySetDefinitions/7379ef4c-89b0-48b6-a5cc-fd3a75eaef93"
  },
  "scope": {
    "managementGroupId": "aldi"
  },
  "type": "Microsoft.Authorization/policyAssignments"
}
