{
  "name": "Deploy-SQL-Security",
  "properties": {
    "description": "Deploy SQL Security.",
    "displayName": "Deploy SQL Security",
    "enforcementMode": "Default",
    "notScopes": [],
    "parameters": {
      "vulnerability Assessments Email": {
        "value": "cyberdefensecenter@aldi-nord.de"
      },
      "vulnerability Assessments Storage Account ID": {
        "value": "<vulnerabilityAssessmentsStorageID>"
      }
    },
    "policyDefinitionId": "${topLevelManagementGroupResourceId}/providers/Microsoft.Authorization/policySetDefinitions/Deploy-Sql-Security",
    "roleDefinitionIds": [
      "/providers/microsoft.authorization/roleDefinitions/056cd41c-7e88-42e1-933e-88ba6a50c9c3",
      "/providers/microsoft.authorization/roleDefinitions/17d1049b-9a84-46fb-8f53-869881c3d3ab",
      "/providers/microsoft.authorization/roleDefinitions/749f88d5-cbae-40b8-bcfc-e573ddc772fa",
      "/providers/microsoft.authorization/roleDefinitions/9b7fa17d-e63e-47b0-bb0a-15c516ac86ec"
    ]
  },
  "scope": {
    "managementGroupId": "landing-zones"
  },
  "type": "Microsoft.Authorization/policyAssignments"
}
