{
  "name": "Deploy-MDFC-Config",
  "properties": {
    "description": "Deploy Microsoft Defender for Cloud configuration and Security Contacts",
    "displayName": "Deploy Microsoft Defender for Cloud configuration",
    "enforcementMode": "Default",
    "notScopes": [],
    "parameters": {
      "asc Export Resource Group Location": {
        "value": "westeurope"
      },
      "asc Export Resource Group Name": {
        "value": "rg-an-governance"
      },
      "email Security Contact": {
        "value": "cyberdefensecenter@aldi-nord.de"
      },
      "logAnalytics": {
        "value": "placeholder"
      },
      "defenderCSPM": {
        "value": "Disabled"
      }
    },
    "policyDefinitionId": "${topLevelManagementGroupResourceId}/providers/Microsoft.Authorization/policySetDefinitions/Deploy-MDFC-Config",
    "roleDefinitionIds": [
      "/providers/microsoft.authorization/roleDefinitions/fb1c8493-542b-48eb-b624-b4c8fea62acd",
      "/providers/microsoft.authorization/roleDefinitions/b24988ac-6180-42a0-ab88-20f7382dd24c"
    ]
  },
  "scope": {
    "managementGroupId": "aldi"
  },
  "type": "Microsoft.Authorization/policyAssignments"
}
