{
  "name": "Enforce-Tags",
  "properties": {
    "description": "Enforce Tags",
    "displayName": "Enforce Tags",
    "enforcementMode": "Default",
    "notScopes": [],
    "parameters": {
      "Tag ccoeBillingID": {
        "value": "ccoe_billingID"
      },
      "Tag ccoeOwner": {
        "value": "ccoe_owner"
      },
      "Tag ccoeProject": {
        "value": "ccoe_project"
      },
      "Tag ccoeStage": {
        "value": "ccoe_stage"
      },
      "Tag ccoeWorkloadteam": {
        "value": "ccoe_workloadteam"
      }
    },
    "policyDefinitionId": "${topLevelManagementGroupResourceId}/providers/Microsoft.Authorization/policySetDefinitions/Enforce-Tags",
    "roleDefinitionIds": [
      "/providers/microsoft.authorization/roleDefinitions/b24988ac-6180-42a0-ab88-20f7382dd24c"
    ]
    },
  "scope": {
    "managementGroupId": "aldi"
  },
  "type": "Microsoft.Authorization/policyAssignments"
}
