{
  "name": "Deploy-Network-Security",
  "properties": {
    "description": "Deploys NSG flow logs and traffic analytics to Log Analytics with a specfied retention period.",
    "displayName": "Deploys NSG flow logs and traffic analytics to Log Analytics",
    "enforcementMode": "DoNotEnforce",
    "notScopes": [],
    "parameters": {
      "FlowLAWeffect": {
        "value": "DeployIfNotExists"
      },
      "FlowLAWinterval": {
        "value": 60
      },
      "FlowLAWretention": {
        "value": 5
      },
      "logAnalytics": {
        "value": "law-alz"
      }
    },
    "policyDefinitionId": "${topLevelManagementGroupResourceId}/providers/Microsoft.Authorization/policySetDefinitions/Deploy-Network-Security"
  },
  "scope": {
    "managementGroupId": "landing-zones"
  },
  "type": "Microsoft.Authorization/policyAssignments"
}
