{
  "name": "Deny-Public-Endpoints",
  "properties": {
    "description": "This policy initiative is a group of policies that prevents creation of Azure PaaS services with exposed public endpoints.",
    "displayName": "Public network access should be disabled for PaaS services",
    "enforcementMode": "DoNotEnforce",
    "notScopes": [],
    "parameters": {
      "CosmosPublicIpDenyEffect": {
        "value": "Audit"
      },
      "KeyVaultPublicIpDenyEffect": {
        "value": "Audit"
      },
      "StoragePublicNetworkModifyEffect": {
        "value": "Disabled"
      },
      "Storage account public access should be disallowed Effect": {
        "value": "Audit"
      },
      "StoragePublicIpDenyEffect": {
        "value": "Audit"
    }
    },
    "policyDefinitionId": "${topLevelManagementGroupResourceId}/providers/Microsoft.Authorization/policySetDefinitions/Deny-PublicPaaSEndpoints"
  },
  "scope": {
    "managementGroupId": "aldi"
  },
  "type": "Microsoft.Authorization/policyAssignments"
}
