{
  "name": "Configure-ML-Security",
  "properties": {
    "description": "Configures Machine Learning Service security settings to meet best practices",
    "displayName": "Configures Machine Learning security settings",
    "enforcementMode": "Default",
    "notScopes": [],
    "parameters": {},
    "policyDefinitionId": "${topLevelManagementGroupResourceId}/providers/Microsoft.Authorization/policySetDefinitions/Configure-MachineLearning-Security",
    "roleDefinitionIds": [
      "/providers/microsoft.authorization/roleDefinitions/b24988ac-6180-42a0-ab88-20f7382dd24c"
    ]
  },
  "scope": {
    "managementGroupId": "landing-zones"
  },
  "type": "Microsoft.Authorization/policyAssignments"
}
