{
  "name": "Deploy-DnsZoneConfNew",
  "properties": {
    "description": "Deploy private DNS Zone Configuration New",
    "displayName": "Deploy private DNS Zone Configuration New",
    "enforcementMode": "Default",
    "notScopes": [],
    "parameters": {},
    "policyDefinitionId": "/providers/Microsoft.Authorization/policyDefinitions/ee40564d-486e-4f68-a5ca-7a621edae0fb",
    "roleDefinitionIds": [
      "/providers/Microsoft.Authorization/roleDefinitions/4d97b98b-1d4f-4787-a291-c67834d212e7"
    ]
  },
  "scope": {
    "managementGroupId": "corp"
  },
  "type": "Microsoft.Authorization/policyAssignments"
}
