{
  "name": "Enable-DDoS-VNET-mgonlin",
  "properties": {
    "description": "Protect your virtual networks against volumetric and protocol attacks with Azure DDoS Protection Standard. For more information, visit https://aka.ms/ddosprotectiondocs.",
    "displayName": "Virtual networks should be protected by Azure DDoS Protection Standard",
    "enforcementMode": "Default",
    "notScopes": [],
    "parameters": {},
    "policyDefinitionId": "${topLevelManagementGroupResourceId}/providers/Microsoft.Authorization/policySetDefinitions/Enable-DDoS-VNET",
    "roleDefinitionIds": [
      "/providers/microsoft.authorization/roleDefinitions/4d97b98b-1d4f-4787-a291-c67834d212e7"
    ]
  },
  "scope": {
    "managementGroupId": "online"
  },
  "type": "Microsoft.Authorization/policyAssignments"
}
