{
  "name": "Audit-WinCompSecBase",
  "properties": {
    "description": "Windows machines should meet requirements for the Azure compute security baseline",
    "displayName": "Windows machines should meet requirements for the Azure compute security baseline",
    "enforcementMode": "Default",
    "notScopes": [],
    "parameters": {},
    "policyDefinitionId": "/providers/Microsoft.Authorization/policySetDefinitions/be7a78aa-3e10-4153-a5fd-8c6506dbc821"
  },
  "scope": {
    "managementGroupId": "aldi"
  },
  "type": "Microsoft.Authorization/policyAssignments"
}
