{
  "name": "Audit-KVSecSettings",
  "properties": {
    "description": "Audit KeyVault Security Settings",
    "displayName": "Audit KeyVault Security Settings",
    "enforcementMode": "Default",
    "notScopes": [],
    "parameters": {
      "Keys minimum days before expiration": {
        "value": 30
      },
      "Keys maximum validity in days": {
        "value": 712
      },
      "Secrets minimum days before expiration": {
        "value": 60
      },
      "Secrets maximum validity in days": {
        "value": 712
      },
      "Secrets maximum validity in days after activation": {
        "value": 712
      }
    },
    "policyDefinitionId": "${topLevelManagementGroupResourceId}/providers/Microsoft.Authorization/policySetDefinitions/Audit-KeyVaultSecuritySettings"
  },
  "scope": {
    "managementGroupId": "aldi"
  },
  "type": "Microsoft.Authorization/policyAssignments"
}
