{
  "name": "Deploy-DiagSettings-LAW",
  "properties": {
    "description": "Ensures that Azure resources are configured to forward diagnostic logs and metrics to an Azure Log Analytics workspace.",
    "displayName": "Deploy-DiagSettings-LAW",
    "enforcementMode": "Default",
    "notScopes": [],
    "parameters": {
      "logAnalytics": {
        "value": "placeholder"
      }
    },
    "policyDefinitionId": "${topLevelManagementGroupResourceId}/providers/Microsoft.Authorization/policySetDefinitions/Deploy-Diagnostics-LogAnalytics",
    "roleDefinitionIds": [
      "/providers/microsoft.authorization/roleDefinitions/92aaf0da-9dab-42b6-94a3-d43ce8d16293",
      "/providers/microsoft.authorization/roleDefinitions/749f88d5-cbae-40b8-bcfc-e573ddc772fa"
    ]
  },
  "scope": {
    "managementGroupId": "aldi"
  },
  "type": "Microsoft.Authorization/policyAssignments"
}
