{
  "ConfigVersion": "2.0.0",
  "context": "<none>",
  "deploymentLock": true,
  "LZVersion": "2.0.5",
  "MgmtGrId": "mg-online",
  "number": "<none>",
  "project": "rgf",
  "ResourceNames": {
    "rgRsvNorthEurope": "rg-rgf-prd-rsv-neu",
    "rgRsvWestEurope": "rg-rgf-prd-rsv-weu",
    "rgVnet": "<none>",
    "rsvNameNorthEurope": "rsv-rgf-prd-neu",
    "rsvNameWestEurope": "rsv-rgf-prd-weu",
    "vnetName": "<none>"
  },
  "stage": "prd",
  "Tag": {
    "ccoe_billingID": "ITQM_2307",
    "ccoe_owner": "yasin.kayan@aldi-nord.de",
    "ccoe_project": "rgf",
    "ccoe_stage": "prd",
    "ccoe_technicalcontact": "ingo.klausen@aldi-nord.de",
    "ccoe_workloadteam": "AZR.AA.ALL.O365.sub-rgf-prd.Notification@aldi-nord.com"
  },
  "vnetAddressPrefix": "10.227.192.0/27",
  "vnetDNSServers": []
}
