{
  "ConfigVersion": "2.0.0",
  "context": "<none>",
  "deploymentLock": true,
  "LZVersion": "2.0.5",
  "MgmtGrId": "mg-online",
  "number": "<none>",
  "project": "aiq",
  "ResourceNames": {
    "rgRsvNorthEurope": "rg-aiq-shared-rsv-neu",
    "rgRsvWestEurope": "rg-aiq-shared-rsv-weu",
    "rgVnet": "<none>",
    "rsvNameNorthEurope": "rsv-aiq-shared-neu",
    "rsvNameWestEurope": "rsv-aiq-shared-weu",
    "vnetName": "<none>"
  },
  "stage": "shared",
  "Tag": {
    "ccoe_billingID": "AIQU_202208",
    "ccoe_owner": "jonas.beer@aldi-nord.de",
    "ccoe_project": "aiq",
    "ccoe_stage": "shared",
    "ccoe_technicalcontact": "jonas.beer@aldi-nord.de",
    "ccoe_workloadteam": "AZR.AA.ALL.O365.sub-aiq-shared.Notification@aldi-nord.com"
  },
  "vnetAddressPrefix": "<none>",
  "vnetDNSServers": []
}
