{
  "ConfigVersion": "2.0.0",
  "context": "<none>",
  "deploymentLock": true,
  "LZVersion": "2.0.5",
  "MgmtGrId": "mg-online",
  "number": "<none>",
  "project": "ecom",
  "ResourceNames": {
    "rgRsvNorthEurope": "rg-ecom-acc-rsv-neu",
    "rgRsvWestEurope": "rg-ecom-acc-rsv-weu",
    "rgVnet": "<none>",
    "rsvNameNorthEurope": "rsv-ecom-acc-neu",
    "rsvNameWestEurope": "rsv-ecom-acc-weu",
    "vnetName": "<none>"
  },
  "stage": "acc",
  "Tag": {
    "ccoe_billingID": "DE708210",
    "ccoe_owner": "robert.schmidt@aldi-nord.de",
    "ccoe_project": "ecom",
    "ccoe_stage": "acc",
    "ccoe_technicalcontact": "dimitri.petruschenko@aldi-nord.de",
    "ccoe_workloadteam": "AZR.AA.ALL.O365.sub-ecom-acc.Notification@aldi-nord.com"
  },
  "vnetAddressPrefix": "<none>",
  "vnetDNSServers": []
}
