{
  "ConfigVersion": "2.0.0",
  "context": "<none>",
  "deploymentLock": true,
  "LZVersion": "1.5.0",
  "MgmtGrId": "mg-corp",
  "number": "<none>",
  "project": "bco",
  "ResourceNames": {
    "rgRsvNorthEurope": "rg-bco-prd-rsv-neu",
    "rgRsvWestEurope": "rg-bco-prd-rsv-weu",
    "rgVnet": "rg-bco-prd-vnet",
    "rsvNameNorthEurope": "rsv-bco-prd-neu",
    "rsvNameWestEurope": "rsv-bco-prd-weu",
    "vnetName": "vnt-we-prd-bco"
  },
  "stage": "prd",
  "Tag": {
    "ccoe_billingID": "BCOT_202112",
    "ccoe_owner": "daniel.nagel@aldi-nord.de",
    "ccoe_project": "bco",
    "ccoe_stage": "prd",
    "ccoe_technicalcontact": "christian.bock@aldi-nord.de",
    "ccoe_workloadteam": "AZR.AA.ALL.O365.sub-de-ohg-se-cs-bco-prd.Notification@aldi-nord.com"
  },
  "vnetAddressPrefix": "10.227.44.0/23",
  "vnetDNSServers": [
    "10.228.34.42"
  ]
}
