{
  "type": "Microsoft.Authorization/policySetDefinitions",
  "name": "Custom-Initiative_mg-sandbox",
  "properties": {
    "displayName": "ALDI-Custom-Initiative_mg-sandbox",
    "policyType": "Custom",
    "description": "ALDI-Custom-Initiative_mg-sandbox",
    "metadata": {
      "category": "General"
    },
    "parameters": {
    },
    "policyDefinitions": [
      {
        "policyDefinitionReferenceId": "[General] Audit resource location matches resource group location",
        "policyDefinitionId": "/providers/Microsoft.Authorization/policyDefinitions/0a914e76-4921-4c19-b460-a2d36003525a"
      },
      {
        "policyDefinitionReferenceId": "[Network] Deny vNet peering",
        "policyDefinitionId": "${varTargetManagementGroupResourceId}/providers/Microsoft.Authorization/policyDefinitions/Deny-vNet-peering"
      },
      {
        "policyDefinitionReferenceId": "[Network] Deny vNet peering Cross",
        "policyDefinitionId": "${varTargetManagementGroupResourceId}/providers/Microsoft.Authorization/policyDefinitions/Deny-VNET-Peer-Cross-Sub"
      }
    ],
    "policyDefinitionGroups": null
  }
}
