{
  "type": "Microsoft.Authorization/policySetDefinitions",
  "name": "Custom-Initiative_mg-landing-zones",
  "properties": {
    "displayName": "ALDI-Custom-Initiative_mg-landing-zones",
    "policyType": "Custom",
    "description": "ALDI-Custom-Initiative_mg-landing-zones",
    "metadata": {
      "category": "General"
    },
    "parameters": {
      "logAnalytics": {
        "type": "String",
        "defaultValue": "${LAW-Workspace}",
        "metadata": {
          "displayName": "Primary Log Analytics workspace",
          "description": "Select Log Analytics workspace from dropdown list. If this workspace is outside of the scope of the assignment you must manually grant 'Log Analytics Contributor' permissions (or similar) to the policy assignment's principal ID.",
          "strongType": "omsWorkspace"
        }
      }
    },
    "policyDefinitions": [
      {
        "policyDefinitionReferenceId": "[General] Audit resource location matches resource group location",
        "policyDefinitionId": "/providers/Microsoft.Authorization/policyDefinitions/0a914e76-4921-4c19-b460-a2d36003525a"
      },
      {
        "policyDefinitionReferenceId": "[Network] Network interfaces should not have public IPs",
        "policyDefinitionId": "/providers/Microsoft.Authorization/policyDefinitions/83a86a26-fd1f-447c-b59d-e51f44264114"
      },
      {
        "policyDefinitionReferenceId": "[Network] Not allowed resource types - DDOS Plan",
        "policyDefinitionId": "/providers/Microsoft.Authorization/policyDefinitions/6c112d4e-5bc7-47ae-a041-ea2d9dccd749",
        "parameters": {
          "listOfResourceTypesNotAllowed": {
            "value": [
              "Microsoft.Network/ddosProtectionPlans"
            ]
          }
        }
      },
      {
        "policyDefinitionReferenceId": "[Security] Deploy Standard pricing tier for Security Center onto Subscription",
        "policyDefinitionId": "${varTargetManagementGroupResourceId}/providers/Microsoft.Authorization/policyDefinitions/Deploy-SecurityCenter"
      },
      {
        "policyDefinitionReferenceId": "[Security] Deploy export to Log Analytics workspace for Azure Security Center data",
        "policyDefinitionId": "/providers/Microsoft.Authorization/policyDefinitions/ffb6f416-7bd2-4488-8828-56585fef2be9",
        "parameters": {
          "resourceGroupName": {
            "value": "rg-an-governance"
          },
          "resourceGroupLocation": {
            "value": "westeurope"
          },
          "workspaceResourceId": {
            "value": "[[parameters('logAnalytics')]"
          }
        }
      },
      {
        "policyDefinitionReferenceId": "[Security] Network interfaces should disable IP forwarding",
        "policyDefinitionId": "/providers/Microsoft.Authorization/policyDefinitions/88c0b9da-ce96-4b03-9635-f29a937e2900"
      }
    ],
    "policyDefinitionGroups": null
  }
}