{
  "type": "Microsoft.Authorization/policySetDefinitions",
  "name": "Custom-Initiative_mg-platform",
  "properties": {
    "displayName": "ALDI-Custom-Initiative_mg-platform",
    "policyType": "Custom",
    "description": "ALDI-Custom-Initiative_mg-platform",
    "metadata": {
      "category": "General"
    },
    "parameters": {
      "ddosPlan": {
        "type": "String",
        "defaultValue": "${LAW-Workspace}",
        "metadata": {
          "displayName": "DDoS Plan"
        }
      }
    },
    "policyDefinitions": [
      {
        "policyDefinitionReferenceId": "[General] Audit resource location matches resource group location",
        "policyDefinitionId": "/providers/Microsoft.Authorization/policyDefinitions/0a914e76-4921-4c19-b460-a2d36003525a"
      },
      {
        "policyDefinitionReferenceId": "[Network] Virtual networks should be protected by Azure DDoS Protection Standard",
        "policyDefinitionId": "/providers/Microsoft.Authorization/policyDefinitions/94de2ad3-e0c1-4caf-ad78-5d47bbc83d3d",
        "parameters": {
          "ddosPlan": {
            "value": "[[parameters('ddosPlan')]"
          }
        }
      }
    ],
    "policyDefinitionGroups": null
  }
}
