{
  "$schema": "https://schema.management.azure.com/schemas/2019-04-01/deploymentParameters.json#",
  "contentVersion": "1.0.0.0",
  "parameters": {
    "subParameter": {
      "value": {
        "stageShort": "prd",
        "stage": "prd",
        "regionShort": "weu"
      }
    },
    "tags": {
      "value": {
        "ccoe_billingID": "CCOE_202207",
        "ccoe_owner": "Andreas.Heinz@aldi-nord.de",
        "ccoe_project": "CCOE",
        "ccoe_stage": "prd",
        "ccoe_technicalcontact": "Andreas.Heinz@aldi-nord.de",
        "ccoe_workloadteam": "ccoe-platform@aldi-nord.de"
      }
    }
  }
}