{
  "$schema": "https://schema.management.azure.com/schemas/2019-04-01/deploymentParameters.json#",
  "contentVersion": "1.0.0.0",
  "parameters": {
    "subParameter": {
      "value": {
        "stageShort": "prd",
        "stage": "prd",
        "regionShort": "weu"
      }
    },
    "serviceHealthAlertsParameters": {
      "value": {
        "serviceHealthAlerts": [
          {
            "name": "CCoE_Platform_Identity_Service_Health",
            "alertDescription": "Service Health issue has been detected in Management subscription",
            "location": "Global",
            "scopes": [
              "/subscriptions/83b9c4e0-df25-41ef-a158-4367dd18a45f"
            ],
            "enabled": true,
            "conditions": [
              {
                "equals": "ServiceHealth",
                "field": "category"
              },
              {
                "equals": "Incident",
                "field": "properties.incidentType"
              }
            ]
          },
          {
            "name": "CCoE_Platform_Identity_Health_Advisory",
            "alertDescription": "Health Advisory is available for Management subscription",
            "location": "Global",
            "scopes": [
              "/subscriptions/83b9c4e0-df25-41ef-a158-4367dd18a45f"
            ],
            "enabled": true,
            "conditions": [
              {
                "equals": "ServiceHealth",
                "field": "category"
              },
              {
                "equals": "Action Required",
                "field": "properties.incidentType"
              }
            ]
          },
          {
            "name": "CCoE_Platform_Identity_Planned_maintenance",
            "alertDescription": "Planned maintenance information is available for Management subscription",
            "location": "Global",
            "scopes": [
              "/subscriptions/83b9c4e0-df25-41ef-a158-4367dd18a45f"
            ],
            "enabled": true,
            "conditions": [
              {
                "equals": "ServiceHealth",
                "field": "category"
              },
              {
                "equals": "Maintenance",
                "field": "properties.incidentType"
              }
            ]
          }
        ]
      }
    },
    "securityAdvisoriesParameters": {
      "value": {
        "name": "CCoE_Platform_Identity_Security_advisories",
        "alertDescription": "Security advisories are available for Management subscription",
        "location": "Global",
        "scopes": [
          "/subscriptions/83b9c4e0-df25-41ef-a158-4367dd18a45f"
        ],
        "enabled": true,
        "conditions": [
          {
            "equals": "ServiceHealth",
            "field": "category"
          },
          {
            "equals": "Security",
            "field": "properties.incidentType"
          }
        ]
      }
    },
    "actionGroupPCSMParameters": {
      "value": {
        "name": "agr-platformCoreIdentityServicesMonitoring-prd",
        "shortName": "agr-pcsm-prd",
        "emailReceivers": [
          {
            "name": "JakubChwala",
            "emailAddress": "jakub.chwala@ext.aldi-nord.de",
            "useCommonAlertSchema": true
          },
          {
            "name": "PlatformTeamMailbox",
            "emailAddress": "ccoe-platform@aldi-nord.de",
            "useCommonAlertSchema": true
          },
          {
            "name": "PlatformTeamsChannel",
            "emailAddress": "77c34fc1.aldi-nord.com@emea.teams.ms",
            "useCommonAlertSchema": true
          }
        ]
      }
    },
    "actionGroupSOCParameters": {
      "value": {
        "name": "agr-platformIdentitySOC-prd",
        "shortName": "agr-soc-prd",
        "emailReceivers": [
          {
            "name": "SOC",
            "emailAddress": "cyberdefensecenter@aldi-nord.de",
            "useCommonAlertSchema": true
          },
          {
            "name": "PlatformTeamMailbox",
            "emailAddress": "ccoe-platform@aldi-nord.de",
            "useCommonAlertSchema": true
          },
          {
            "name": "PlatformTeamsSecurityChannel",
            "emailAddress": "6a3976f6.aldi-nord.com@emea.teams.ms",
            "useCommonAlertSchema": true
          }
        ]
      }
    },
    "tags": {
      "value": {
        "ccoe_billingID": "CCOE_202207",
        "ccoe_owner": "nils.wittbecker@aldi-nord.de",
        "ccoe_project": "CCOE",
        "ccoe_stage": "prd",
        "ccoe_technicalcontact": "nils.wittbecker@aldi-nord.de",
        "ccoe_workloadteam": "ccoe-platform@aldi-nord.de"
      }
    }
  }
}