{
  "ConfigVersion": "2.0.0",
  "context": "<none>",
  "deploymentLock": true,
  "LZVersion": "2.0.5",
  "MgmtGrId": "mg-corp",
  "number": "<none>",
  "project": "stm",
  "ResourceNames": {
    "rgRsvNorthEurope": "rg-stm-shared-rsv-neu",
    "rgRsvWestEurope": "rg-stm-shared-rsv-weu",
    "rgVnet": "rg-stm-shared-vnet",
    "rsvNameNorthEurope": "rsv-stm-shared-neu",
    "rsvNameWestEurope": "rsv-stm-shared-weu",
    "vnetName": "vnt-we-shared-stm"
  },
  "stage": "shared",
  "Tag": {
    "ccoe_billingID": "ASTM_202202",
    "ccoe_owner": "sascha.boetzel@aldi-nord.de",
    "ccoe_project": "stm",
    "ccoe_stage": "shared",
    "ccoe_technicalcontact": "marcel.roehrig@aldi-nord.de",
    "ccoe_workloadteam": "AZR.AA.ALL.O365.sub-stm-shared.Notification@aldi-nord.com"
  },
  "vnetAddressPrefix": "10.227.60.0/24",
  "vnetDNSServers": [
    "10.228.34.42"
  ]
}
