{
  "ConfigVersion": "2.0.0",
  "context": "<none>",
  "deploymentLock": true,
  "LZVersion": "1.5.0",
  "MgmtGrId": "mg-online",
  "number": "<none>",
  "project": "sea",
  "ResourceNames": {
    "rgRsvNorthEurope": "rg-de-ohg-tf-tp-sea-prd-rsv-neu",
    "rgRsvWestEurope": "rg-de-ohg-tf-tp-sea-prd-rsv-weu",
    "rgVnet": "<none>",
    "rsvNameNorthEurope": "rsv-de-ohg-tf-tp-sea-prd-neu",
    "rsvNameWestEurope": "rsv-de-ohg-tf-tp-sea-prd-weu",
    "vnetName": "<none>"
  },
  "stage": "prd",
  "Tag": {
    "ccoe_billingID": "SEAN_202112",
    "ccoe_owner": "markus.vanaalst@aldi-nord.de",
    "ccoe_project": "sea",
    "ccoe_stage": "prd",
    "ccoe_technicalcontact": "markus.vanaalst@aldi-nord.de",
    "ccoe_workloadteam": "AZR.AA.ALL.O365.sub-de-ohg-tf-tp-sea-prd.Notification@aldi-nord.com"
  },
  "vnetAddressPrefix": "<none>",
  "vnetDNSServers": []
}
