{
    "ProjectName": "florian",
    "Stage": "dev",
    "MgmtGrId": "mg-corp",
    "VNETAddressPrefix": "10.227.34.0/24",
    "Tag": {
        "ApplicationName": "florian",
        "billing_entity_name": "ALDI Einkauf SE & Co. oHG",
        "billing_entity_additional_info_optional": "IT-Einkauf",
        "billing_entity_street": "Huttropstr. 60",
        "billing_entity_postalcode": 45318,
        "billing_entity_city": "Essen",
        "billing_entity_country": "de",
        "billing_invoice_recipient_unit": "ATS / Technology Platform Solutions",
        "billing_invoice_recipient_contact": "Christian Scholz",
        "billing_invoice_recipient_contact_email": "christian.scholz@aldi-nord.de"
    }
}