{
  "ConfigVersion": "2.0.0",
  "context": "<none>",
  "deploymentLock": true,
  "LZVersion": "2.0.5",
  "MgmtGrId": "mg-corp",
  "number": "<none>",
  "project": "aisp",
  "ResourceNames": {
    "rgRsvNorthEurope": "rg-aisp-shared-rsv-neu",
    "rgRsvWestEurope": "rg-aisp-shared-rsv-weu",
    "rgVnet": "rg-aisp-shared-vnet",
    "rsvNameNorthEurope": "rsv-aisp-shared-neu",
    "rsvNameWestEurope": "rsv-aisp-shared-weu",
    "vnetName": "vnt-weu-shared-aisp"
  },
  "stage": "shared",
  "Tag": {
    "ccoe_billingID": "AISP_202203",
    "ccoe_lz_maintenance": "2ndThursday1300",
    "ccoe_owner": "thomas.schipper@aldi-nord.de",
    "ccoe_project": "aisp",
    "ccoe_stage": "shared",
    "ccoe_technicalcontact": "thomas.schipper@aldi-nord.de",
    "ccoe_workloadteam": "AZR.AA.ALL.O365.sub-aisp-shared.Notification@aldi-nord.com"
  },
  "vnetAddressPrefix": "10.227.89.128/25",
  "vnetDNSServers": [
    "10.228.34.42"
  ]
}
