{
  "ConfigVersion": "2.0.0",
  "context": "<none>",
  "deploymentLock": true,
  "LZVersion": "2.0.1",
  "MgmtGrId": "mg-corp",
  "number": "<none>",
  "project": "nosla",
  "ResourceNames": {
    "rgRsvNorthEurope": "rg-de-ohg-ats-inf-csadm-prd-nosla-rsv-neu",
    "rgRsvWestEurope": "rg-de-ohg-ats-inf-csadm-prd-nosla-rsv-weu",
    "rgVnet": "rg-acd-network",
    "rsvNameNorthEurope": "rsv-de-ohg-ats-inf-csadm-prd-nosla-neu",
    "rsvNameWestEurope": "rsv-de-ohg-ats-inf-csadm-prd-nosla-weu",
    "vnetName": "vnet-acd-inf-csadm"
  },
  "stage": "prd",
  "Tag": {
    "ccoe_billingID": "INFR_202103",
    "ccoe_owner": "nils.wittbecker@aldi-nord.de",
    "ccoe_project": "nosla",
    "ccoe_stage": "prd",
    "ccoe_technicalcontact": "nils.wittbecker@aldi-nord.de",
    "ccoe_workloadteam": "AZR.AA.ALL.O365.sub-de-ohg-ats-inf-csadm-prd-nosla.Notification@aldi-nord.com"
  },
  "vnetAddressPrefix": "10.227.0.0/24",
  "vnetDNSServers": [
    "10.228.34.42"
  ]
}
