{
  "ConfigVersion": "2.0.0",
  "context": "<none>",
  "deploymentLock": true,
  "LZVersion": "2.0.5",
  "MgmtGrId": "mg-corp",
  "number": "<none>",
  "project": "soc",
  "ResourceNames": {
    "rgRsvNorthEurope": "rg-de-ohg-tf-soc-csm-prd-rsv-neu",
    "rgRsvWestEurope": "rg-de-ohg-tf-soc-csm-prd-rsv-weu",
    "rgVnet": "CyberSecurity-Azure-Services",
    "rsvNameNorthEurope": "rsv-de-ohg-tf-soc-csm-prd-neu",
    "rsvNameWestEurope": "rsv-de-ohg-tf-soc-csm-prd-weu",
    "vnetName": "CyberSecurity-Azure-Services"
  },
  "stage": "prd",
  "Tag": {
    "ccoe_billingID": "SOCN_202111",
    "ccoe_owner": "ewgeni.lendel@aldi-nord.de",
    "ccoe_project": "soc",
    "ccoe_stage": "prd",
    "ccoe_technicalcontact": "lukas.friedrichs@aldi-nord.de",
    "ccoe_workloadteam": "AZR.AA.ALL.O365.sub-de-ohg-tf-soc-csm-prd.Notification@aldi-nord.com"
  },
  "vnetAddressPrefix": "10.227.120.128/25",
  "vnetDNSServers": []
}
