{
  "ConfigVersion": "2.0.0",
  "context": "<none>",
  "deploymentLock": true,
  "LZVersion": "2.0.4",
  "MgmtGrId": "mg-corp",
  "number": "<none>",
  "project": "sea",
  "ResourceNames": {
    "rgRsvNorthEurope": "rg-sea-prd-rsv-neu",
    "rgRsvWestEurope": "rg-sea-prd-rsv-weu",
    "rgVnet": "rg-sea-prd-vnet",
    "rsvNameNorthEurope": "rsv-sea-prd-neu",
    "rsvNameWestEurope": "rsv-sea-prd-weu",
    "vnetName": "vnt-sea-prd-weu"
  },
  "stage": "prd",
  "Tag": {
    "ccoe_billingID": "SEAN_202112",
    "ccoe_owner": "markus.vanaalst@aldi-nord.de",
    "ccoe_project": "sea",
    "ccoe_stage": "prd",
    "ccoe_technicalcontact": "markus.vanaalst@aldi-nord.de",
    "ccoe_workloadteam": "AZR.AA.ALL.O365.sub-sea-prd.Notification@aldi-nord.com"
  },
  "vnetAddressPrefix": "10.227.92.128/28",
  "vnetDNSServers": [
    "10.228.34.42"
  ]
}
