{
  "ConfigVersion": "2.0.0",
  "context": "<none>",
  "deploymentLock": true,
  "LZVersion": "2.0.5",
  "MgmtGrId": "mg-corp",
  "number": "<none>",
  "project": "astm",
  "ResourceNames": {
    "rgRsvNorthEurope": "rg-stm-int-rsv-neu",
    "rgRsvWestEurope": "rg-stm-int-rsv-weu",
    "rgVnet": "rg-stm-int-vnet",
    "rsvNameNorthEurope": "rsv-stm-int-neu",
    "rsvNameWestEurope": "rsv-stm-int-weu",
    "vnetName": "vnt-we-int-stm-int"
  },
  "stage": "int",
  "Tag": {
    "ccoe_billingID": "ASTM_202202",
    "ccoe_owner": "sascha.boetzel@aldi-nord.de",
    "ccoe_project": "astm",
    "ccoe_stage": "int",
    "ccoe_technicalcontact": "marcel.roehrig@aldi-nord.de",
    "ccoe_workloadteam": "AZR.AA.ALL.O365.sub-de-ohg-ibs-isao-astm-int.Notification@aldi-nord.com"
  },
  "vnetAddressPrefix": "10.227.10.0/24",
  "vnetDNSServers": [
    "10.228.34.42"
  ]
}
