{
    "$schema": "https://schema.management.azure.com/schemas/2019-04-01/deploymentParameters.json#",
    "contentVersion": "1.0.0.0",
    "parameters": {
        "tenantRootLevel": {
            "value": {
                "id": "52290a28-dcec-4da1-9252-57f67fc9ba1b",
                "displayName": "Tenant Root Group"
            }
        },
        "level1Mg": {
            "value": {
                "id": "mg-ALDI",
                "displayName": "mg-ALDI"
            }
        },
        "level2Mg": {
            "value": [
                {
                    "id": "mg-decommissioned",
                    "displayName": "mg-decommissioned"
                },
                {
                    "id": "mg-landing-zones",
                    "displayName": "mg-landing-zones"
                },
                {
                    "id": "mg-platform",
                    "displayName": "mg-platform"
                },
                {
                    "id": "mg-sandbox",
                    "displayName": "mg-sandbox"
                }
            ]
        },
        "level3Mg": {
            "value": [
                {
                    "id": "mg-identity",
                    "displayName": "mg-identity",
                    "parentid": "mg-platform"
                },
                {
                    "id": "mg-connectivity",
                    "displayName": "mg-connectivity",
                    "parentid": "mg-platform"
                },
                {
                    "id": "mg-management",
                    "displayName": "mg-management",
                    "parentid": "mg-platform"
                },
                {
                    "id": "mg-corp",
                    "displayName": "mg-corp",
                    "parentid": "mg-landing-zones"
                },
                {
                    "id": "mg-online",
                    "displayName": "mg-online",
                    "parentid": "mg-landing-zones"
                },
                {
                    "id": "mg-sap",
                    "displayName": "mg-sap",
                    "parentid": "mg-landing-zones"
                }
            ]
        },
        "level4Mg": {
            "value": [
                {
                    "id": "mg-nonstandard-landing-zones-corp",
                    "displayName": "mg-nonstandard-landing-zones-corp",
                    "parentid": "mg-corp"

                },
                {
                    "id": "mg-nonstandard-landing-zones-online",
                    "displayName": "mg-nonstandard-landing-zones-online",
                    "parentid": "mg-online"

                }
            ]
        },
        "devPrefix": {
            "value": "build-"
        }
    }
}