{
    "name": "sub-aiq-shared-DenyPublicNetworkAccess",
    "type": "Microsoft.Authorization/policyExemption",
    "properties": {
        "policyAssignmentId": "/providers/microsoft.management/managementgroups/mg-landing-zones/providers/microsoft.authorization/policyassignments/deny-publicaccess",
        "displayName": "sub-aiq-shared - Deny Public Network Access",
        "description": "One month exemption approved by Cyber Defense",
        "expiresOn": "2023-10-01T10:00:00Z",
        "policyDefinitionReferenceIds": [
            "Deny-RDP-From-Internet"
        ]
    },
    "scope": {
        "subscriptionId": "4985b95b-eda0-40b0-9bd8-775a67ebb2b5"
    }
}