{
    "name": "sub-scngo-int-DenyPublicNetworkAccess",
    "type": "Microsoft.Authorization/policyExemption",
    "properties": {
        "policyAssignmentId": "/providers/microsoft.management/managementgroups/mg-landing-zones/providers/microsoft.authorization/policyassignments/deny-publicaccess",
        "displayName": "sub-scngo-int - Deny Public Network Access",
        "description": "One month exemption approved by Cyber Defense",
        "expiresOn": "2023-10-01T10:00:00Z",
        "policyDefinitionReferenceIds": [
            "Deny-RDP-From-Internet"
        ]
    },
    "scope": {
        "subscriptionId": "2005f6a1-12ab-411a-bd27-f220dfcfb718"
    }
}