{
    "name": "sub-ppbr-int-DenyPublicNetworkAccess",
    "type": "Microsoft.Authorization/policyExemption",
    "properties": {
        "policyAssignmentId": "/providers/microsoft.management/managementgroups/mg-landing-zones/providers/microsoft.authorization/policyassignments/deny-publicaccess",
        "displayName": "sub-ppbr-int - Deny Public Network Access",
        "description": "One month exemption approved by Cyber Defense",
        "expiresOn": "2023-10-01T10:00:00Z",
        "policyDefinitionReferenceIds": [
            "Deny-RDP-From-Internet"
        ]
    },
    "scope": {
        "subscriptionId": "a68577dc-6c9b-499c-985e-ca14a9ff8604"
    }
}