{
    "name": "sub-aiq-prd-DenyPublicNetworkAccess",
    "type": "Microsoft.Authorization/policyExemption",
    "properties": {
        "policyAssignmentId": "/providers/microsoft.management/managementgroups/mg-landing-zones/providers/microsoft.authorization/policyassignments/deny-publicaccess",
        "displayName": "sub-aiq-prd - Deny Public Network Access",
        "description": "One month exemption approved by Cyber Defense",
        "expiresOn": "2023-10-01T10:00:00Z",
        "policyDefinitionReferenceIds": [
            "Deny-RDP-From-Internet"
        ]
    },
    "scope": {
        "subscriptionId": "ac39ca94-c8c3-4a5c-955b-02dfef3040f6"
    }
}