{
  "ConfigVersion": "2.0.0",
  "context": "<none>",
  "deploymentLock": true,
  "LZVersion": "1.5.0",
  "MgmtGrId": "mg-sap",
  "number": "<none>",
  "project": "sap4",
  "ResourceNames": {
    "rgRsvNorthEurope": "rg-sap4-prd-rsv-neu",
    "rgRsvWestEurope": "rg-sap4-prd-rsv-weu",
    "rgVnet": "rg-sap4-prd-vnet",
    "rsvNameNorthEurope": "rsv-sap4-prd-neu",
    "rsvNameWestEurope": "rsv-sap4-prd-weu",
    "vnetName": "vnt-sap4-prd-weu"
  },
  "stage": "prd",
  "Tag": {
    "ccoe_billingID": "SAP4_202208",
    "ccoe_owner": "dennis.westermann@aldi-nord.de",
    "ccoe_project": "sap4",
    "ccoe_stage": "prd",
    "ccoe_technicalcontact": "dennis.westermann@aldi-nord.de",
    "ccoe_workloadteam": "AZR.AA.ALL.O365.sub-sap4-prd.Notification@aldi-nord.com"
  },
  "vnetAddressPrefix": "10.228.56.0/21",
  "vnetDNSServers": [
    "10.228.34.42"
  ]
}
