{
  "ConfigVersion": "2.0.0",
  "context": "<none>",
  "deploymentLock": true,
  "LZVersion": "2.0.5",
  "MgmtGrId": "mg-corp",
  "number": "<none>",
  "project": "ppc",
  "ResourceNames": {
    "rgRsvNorthEurope": "rg-ppc-prd-rsv-neu",
    "rgRsvWestEurope": "rg-ppc-prd-rsv-weu",
    "rgVnet": "rg-ppc-prd-vnet",
    "rsvNameNorthEurope": "rsv-ppc-prd-neu",
    "rsvNameWestEurope": "rsv-ppc-prd-weu",
    "vnetName": "vnt-weu-prd-ppc"
  },
  "stage": "prd",
  "Tag": {
    "ccoe_billingID": "PPCN_202202",
    "ccoe_owner": "alicia.lieber@aldi-nord.de",
    "ccoe_project": "ppc",
    "ccoe_stage": "prd",
    "ccoe_technicalcontact": "christian.kisters@aldi-nord.de",
    "ccoe_workloadteam": "AZR.AA.ALL.O365.sub-ppc-prd.Notification@aldi-nord.com"
  },
  "vnetAddressPrefix": "10.227.64.0/24",
  "vnetDNSServers": [
    "10.228.34.42"
  ]
}
