{
    "name": "rg-de-ohg-ngw-lenovoblobstorage-prod-008-SA-Public-Access",
    "type": "Microsoft.Authorization/policyExemption",
    "properties": {
        "policyAssignmentId": "/providers/Microsoft.Management/managementGroups/mg-aldi/providers/Microsoft.Authorization/policyAssignments/Deny-Public-Endpoints",
        "displayName": "rg-de-ohg-ngw-lenovoblobstorage-prod-008 - Storage account public access should be disallowed",
        "description": "Freigegeben durch InfoSec (Dennis Boehl) am 17.03. und 09.06.22",
        "policyDefinitionReferenceIds": [
            "[Preview]: Storage account public access should be disallowed",
            "StorageModifyPaasPublicNetwork"
        ]
    },
    "scope": {
        "subscriptionId": "43ad08bb-af14-4203-8142-5b3c326eca51",
        "ResourceGroupName": "rg-de-ohg-ngw-lenovoblobstorage-prod-008"
    }
}