{
    "name": "sub-mlf-prd-AllowedLocationsSet",
    "type": "Microsoft.Authorization/policyExemption",
    "properties": {
        "policyAssignmentId": "/providers/Microsoft.Management/managementGroups/mg-ALDI/providers/Microsoft.Authorization/policyAssignments/Allowed-Locations",
        "displayName": "sub-mlf-prd - AllowedLocations",
        "description": "SCTASK0022387",
        "policyDefinitionReferenceIds": [
            "Allowed locations",
            "Allowed locations for resource groups"
        ]
    },
    "scope": {
        "subscriptionId": "ac848dd7-c0b7-4be0-a8bc-5b28f5d6ed79"
    }
}