{
    "name": "sub-de-ohg-ats-dcs-cnct-prd-Allowed-Locations",
    "type": "Microsoft.Authorization/policyExemption",
    "properties": {
        "policyAssignmentId": "/providers/Microsoft.Management/managementGroups/mg-aldi/providers/Microsoft.Authorization/policyAssignments/Allowed-Locations",
        "displayName": "sub-de-ohg-ats-dcs-cnct-prd - Allowed location",
        "description": "Allowed locations - Exemption for building ExpressRoute Circuit to FFM (Germany West Central)",
        "policyDefinitionReferenceIds": [
            "Allowed locations",
            "Allowed locations for resource groups"
        ]
    },
    "scope": {
        "subscriptionId": "8406eed5-3171-437f-90bf-184f698e5fd7"
    }
}