{
    "name": "sub-zba-int-SA-Public-Access",
    "type": "Microsoft.Authorization/policyExemption",
    "properties": {
        "policyAssignmentId": "/providers/Microsoft.Management/managementGroups/mg-aldi/providers/Microsoft.Authorization/policyAssignments/Deny-Public-Endpoints",
        "displayName": "sub-zba-int - Storage account public access should be disallowed",
        "description": "Mail Approval from InfoSec on 04.05.2020 regarding Backup failures",
        "policyDefinitionReferenceIds": [
            "[Preview]: Storage account public access should be disallowed",
            "StorageModifyPaasPublicNetwork"
        ]
    },
    "scope": {
        "subscriptionId": "54ea7754-fe81-4e46-b1fc-ef8f8385484c"
    }
}