{
  "ConfigVersion": "2.0.0",
  "context": "<none>",
  "deploymentLock": true,
  "LZVersion": "2.0.5",
  "MgmtGrId": "mg-corp",
  "number": "<none>",
  "project": "mlf",
  "ResourceNames": {
    "rgRsvNorthEurope": "rg-mlf-prd-rsv-neu",
    "rgRsvWestEurope": "rg-mlf-prd-rsv-weu",
    "rgVnet": "rg-mlf-prd-vnet",
    "rsvNameNorthEurope": "rsv-mlf-prd-neu",
    "rsvNameWestEurope": "rsv-mlf-prd-weu",
    "vnetName": "vnt-weu-prd-mlf"
  },
  "stage": "prd",
  "Tag": {
    "ccoe_billingID": "MLFA_202204",
    "ccoe_owner": "eugen.berlin@aldi-nord.de",
    "ccoe_project": "mlf",
    "ccoe_stage": "prd",
    "ccoe_technicalcontact": "benedikt.loewes@aldi-nord.de",
    "ccoe_workloadteam": "AZR.AA.ALL.O365.sub-mlf-prd.Notification@aldi-nord.com"
  },
  "vnetAddressPrefix": "10.227.94.0/23",
  "vnetDNSServers": [
    "10.228.34.42"
  ]
}
