{
    "analyzers": {
      "core": {
        "enabled": true,
        "verbose": true,
        "rules": {
          "adminusername-should-not-be-literal": {
            "level": "error"
          },
          "no-hardcoded-env-urls": {
            "level": "warning"
          },
          "no-unnecessary-dependson": {
            "level": "error"
          },
          "no-unused-params": {
            "level": "warning"
          },
          "no-unused-vars": {
            "level": "warning"
          },
          "outputs-should-not-contain-secrets": {
            "level": "error"
          },
          "prefer-interpolation": {
            "level": "error"
          },
          "secure-parameter-default": {
            "level": "error"
          },
          "simplify-interpolation": {
            "level": "error"
          },
          "protect-commandtoexecute-secrets": {
            "level": "error"
          },
          "use-stable-vm-image": {
            "level": "error"
          },
          "explicit-values-for-loc-params": {
            "level": "error"
          },
          "no-hardcoded-location": {
            "level": "error"
          },
          "no-loc-expr-outside-params": {
            "level": "error"
          },
          "max-outputs": {
            "level": "error"
          },
          "max-params": {
            "level": "error"
          },
          "max-resources": {
            "level": "error"
          },
          "max-variables": {
            "level": "error"
          }
        }
      }
    },
    "moduleAliases": {
      "br": {
          "modules": {
              "registry": "acrccoeprdweumodu001.azurecr.io",
              "modulePath": "bicep/modules"
          }
      }
  }
  }