{
  "ConfigVersion": "2.0.0",
  "context": "<none>",
  "deploymentLock": true,
  "LZVersion": "2.1.0",
  "MgmtGrId": "mg-corp",
  "number": "<none>",
  "project": "onap",
  "ResourceNames": {
    "rgRsvNorthEurope": "rg-onap-prd-rsv-neu",
    "rgRsvWestEurope": "rg-onap-prd-rsv-weu",
    "rgVnet": "rg-onap-prd-vnet",
    "rsvNameNorthEurope": "rsv-onap-prd-neu",
    "rsvNameWestEurope": "rsv-onap-prd-weu",
    "vnetName": "vnt-onap-prd-weu"
  },
  "stage": "prd",
  "Tag": {
    "ccoe_billingID": "cdsiem_0923",
    "ccoe_owner": "marius.harenberg@aldi-nord.de",
    "ccoe_project": "onap",
    "ccoe_stage": "prd",
    "ccoe_technicalcontact": "marius.harenberg@aldi-nord.de",
    "ccoe_workloadteam": "AZR.AA.ALL.O365.sub-onap-prd.Notification@aldi-nord.com"
  },
  "vnetAddressPrefix": "10.227.120.16/28",
  "vnetDNSServers": [
    "10.228.34.42"
  ]
}
