{
  "ConfigVersion": "2.0.0",
  "context": "mgon",
  "deploymentLock": true,
  "LZVersion": "2.1.0",
  "MgmtGrId": "mg-online",
  "number": "001",
  "project": "dcs",
  "ResourceNames": {
    "rgRsvNorthEurope": "rg-dcs-prd-rsv-neu",
    "rgRsvWestEurope": "rg-dcs-prd-rsv-weu",
    "rgVnet": "<none>",
    "rsvNameNorthEurope": "rsv-dcs-prd-neu",
    "rsvNameWestEurope": "rsv-dcs-prd-weu",
    "vnetName": "<none>"
  },
  "stage": "prd",
  "Tag": {
    "ccoe_billingID": "DE708206",
    "ccoe_owner": "sebastian.hoelscher@aldi-nord.de",
    "ccoe_project": "dcs",
    "ccoe_stage": "prd",
    "ccoe_technicalcontact": "dimitri.petruschenko@aldi-nord.de",
    "ccoe_workloadteam": "AZR.AA.ALL.O365.sub-dcs-prd-mgon-001.Notification@aldi-nord.com"
  },
  "vnetAddressPrefix": "<none>",
  "vnetDNSServers": []
}
