{
  "name": "Deploy-Network-Security",
  "properties": {
    "description": "Deploys NSG flow logs and traffic analytics to Log Analytics with a specfied retention period.",
    "displayName": "Deploys NSG flow logs and traffic analytics to Log Analytics",
    "metadata": {
      "version": "1.1.0",
      "category": "Monitoring"
    },
    "parameters": {
      "FlowLAWeffect": {
        "type": "String",
        "metadata": {
          "displayName": "Effect",
          "description": "Enable or disable the execution of the policy"
        },
        "defaultValue": "DeployIfNotExists",
        "allowedValues": [
          "DeployIfNotExists",
          "Disabled"
        ]
      },
      "FlowLAWinterval": {
        "type": "Integer",
        "metadata": {
          "displayName": "Traffic Analytics processing interval mins (10/60)"
        },
        "defaultValue": 60
      },
      "FlowLAWretention": {
        "type": "Integer",
        "metadata": {
          "displayName": "Retention"
        },
        "defaultValue": 5
      },
      "logAnalytics": {
        "type": "String",
        "metadata": {
          "strongType": "omsWorkspace",
          "displayName": "Resource ID of Log Analytics workspace",
          "description": "Select Log Analytics workspace from dropdown list. If this workspace is outside of the scope of the assignment you must manually grant 'Log Analytics Contributor' permissions (or similar) to the policy assignment's principal ID."
        },
        "defaultValue": ""
      }
    },
    "policyDefinitions": {
      "policyDefinitionReferenceId": "Deploy-Nsg-FlowLogs-to-LA",
      "policyDefinitionId": "${varTargetManagementGroupResourceId}/providers/Microsoft.Authorization/policyDefinitions/Deploy-Nsg-FlowLogs-to-LA",
      "parameters": {
        "effect": {
          "value": "[[parameters('FlowLAWeffect')]"
        },
        "retention": {
          "value": "[[parameters('FlowLAWretention')]"
        },
        "interval": {
          "value": "[[parameters('FlowLAWinterval')]"
        },
        "workspace": {
          "value": "[[parameters('logAnalytics')]"
        }
      },
      "groupNames": []
    }
  },
  "scope": null,
  "type": "Microsoft.Authorization/policySetDefinitions"
}
