{
  "name": "Deploy-Sql-Security",
  "properties": {
    "description": "Deploy auditing, Alert, TDE and SQL vulnerability to SQL Databases when it not exist in the deployment",
    "displayName": "Deploy SQL Database built-in SQL security configuration",
    "metadata": {
      "version": "1.0.0",
      "category": "SQL"
    },
    "parameters": {
      "SQL DB Auditing Settings Deploy SQL Security Effect": {
        "type": "String",
        "defaultValue": "DeployIfNotExists",
        "allowedValues": [
          "DeployIfNotExists",
          "Disabled"
        ],
        "metadata": {
          "displayName": "Deploy SQL database auditing settings",
          "description": "Deploy auditing settings to SQL Database when it not exist in the deployment"
        }
      },
      "SQL DB Security Alert Policies Deploy SQL Security Effect": {
        "type": "String",
        "defaultValue": "DeployIfNotExists",
        "allowedValues": [
          "DeployIfNotExists",
          "Disabled"
        ],
        "metadata": {
          "displayName": "Deploy SQL Database security Alert Policies configuration with email admin accounts",
          "description": "Deploy the security Alert Policies configuration with email admin accounts when it not exist in current configuration"
        }
      },
      "SQL DB TDE Deploy SQL Security Effect": {
        "type": "String",
        "defaultValue": "DeployIfNotExists",
        "allowedValues": [
          "DeployIfNotExists",
          "Disabled"
        ],
        "metadata": {
          "displayName": "Deploy SQL Database Transparent Data Encryption ",
          "description": "Deploy the Transparent Data Encryption when it is not enabled in the deployment"
        }
      },
      "SQL DB Vulnerability Assessments Deploy SQL Security Effect": {
        "type": "String",
        "defaultValue": "DeployIfNotExists",
        "allowedValues": [
          "DeployIfNotExists",
          "Disabled"
        ],
        "metadata": {
          "displayName": "Deploy SQL Database vulnerability Assessments",
          "description": "Deploy SQL Database vulnerability Assessments when it not exist in the deployment. To the specific  storage account in the parameters"
        }
      },
      "vulnerability Assessments Email": {
        "metadata": {
          "description": "The email address to send alerts",
          "displayName": "The email address to send alerts"
        },
        "type": "String"
      },
      "vulnerability Assessments Storage Account ID": {
        "metadata": {
          "description": "The storage account ID to store assessments",
          "displayName": "The storage account ID to store assessments"
        },
        "type": "String"
      }
    },
    "policyDefinitions": [
      {
        "policyDefinitionReferenceId": "Deploy Advanced Data Security on SQL servers",
        "policyDefinitionId": "/providers/Microsoft.Authorization/policyDefinitions/6134c3db-786f-471e-87bc-8f479dc890f6",
        "parameters": {}
      },
      {
        "policyDefinitionReferenceId": "SqlDbAuditingSettingsDeploySqlSecurity",
        "policyDefinitionId": "${varTargetManagementGroupResourceId}/providers/Microsoft.Authorization/policyDefinitions/Deploy-Sql-AuditingSettings",
        "parameters": {
          "effect": {
            "value": "[[parameters('SQL DB Auditing Settings Deploy SQL Security Effect')]"
          }
        },
        "groupNames": []
      },
      {
        "policyDefinitionReferenceId": "SqlDbSecurityAlertPoliciesDeploySqlSecurity",
        "policyDefinitionId": "${varTargetManagementGroupResourceId}/providers/Microsoft.Authorization/policyDefinitions/Deploy-Sql-SecurityAlertPolicies",
        "parameters": {
          "effect": {
            "value": "[[parameters('SQL DB Security Alert Policies Deploy SQL Security Effect')]"
          }
        },
        "groupNames": []
      },
      {
        "policyDefinitionReferenceId": "Deploy SQL DB transparent data encryption",
        "policyDefinitionId": "/providers/Microsoft.Authorization/policyDefinitions/86a912f6-9a06-4e26-b447-11b16ba8659f",
        "parameters": {
          "effect": {
            "value": "[[parameters('SQL DB TDE Deploy SQL Security Effect')]"
          }
        },
        "groupNames": []
      },
      {
        "policyDefinitionReferenceId": "SqlDbVulnerabilityAssessmentsDeploySqlSecurity",
        "policyDefinitionId": "${varTargetManagementGroupResourceId}/providers/Microsoft.Authorization/policyDefinitions/Deploy-Sql-vulnerabilityAssessments",
        "parameters": {
          "effect": {
            "value": "[[parameters('SQL DB Vulnerability Assessments Deploy SQL Security Effect')]"
          },
          "vulnerabilityAssessmentsEmail": {
            "value": "[[parameters('vulnerability Assessments Email')]"
          },
          "vulnerabilityAssessmentsStorageID": {
            "value": "[[parameters('vulnerability Assessments Storage Account ID')]"
          }
        },
        "groupNames": []
      }
    ]
  },
  "scope": null,
  "type": "Microsoft.Authorization/policySetDefinitions"
}
