{
  "name": "Enforce-Tags",
  "properties": {
    "description": "Enforce Tags",
    "displayName": "Enforce Tags",
    "metadata": {
      "category": "Tags"
    },
    "parameters": {
      "Tag ccoeBillingID": {
        "type": "String",
        "metadata": {
          "displayName": "CCOE BillingID Tag Name",
          "description": "Name of the tag, such as 'environment'"
        }
      },
      "Tag ccoeOwner": {
        "type": "String",
        "metadata": {
          "displayName": "CCOE Owner Tag Name",
          "description": "Name of the tag, such as 'environment'"
        }
      },
      "Tag ccoeProject": {
        "type": "String",
        "metadata": {
          "displayName": "CCOE Project Tag Name",
          "description": "Name of the tag, such as 'environment'"
        }
      },
      "Tag ccoeStage": {
        "type": "String",
        "metadata": {
          "displayName": "CCOE Stage Tag Name",
          "description": "Name of the tag, such as 'environment'"
        }
      },
      "Tag ccoeWorkloadteam": {
        "type": "String",
        "metadata": {
          "displayName": "CCOE Workloadteam Tag Name",
          "description": "Name of the tag, such as 'environment'"
        }
      }
    },
    "policyDefinitions": [
      {
        "policyDefinitionReferenceId": "Inherit a ccoe billingID tag from the subscription if missing",
        "policyDefinitionId": "/providers/Microsoft.Authorization/policyDefinitions/40df99da-1232-49b1-a39a-6da8d878f469",
        "parameters": {
          "tagName": {
            "value": "[[parameters('Tag ccoeBillingID')]"
          }
        }
      },
      {
        "policyDefinitionReferenceId": "Inherit a ccoe owner tag from the subscription if missing",
        "policyDefinitionId": "/providers/Microsoft.Authorization/policyDefinitions/40df99da-1232-49b1-a39a-6da8d878f469",
        "parameters": {
          "tagName": {
            "value": "[[parameters('Tag ccoeOwner')]"
          }
        }
      },
      {
        "policyDefinitionReferenceId": "Inherit a ccoe project tag from the subscription if missing",
        "policyDefinitionId": "/providers/Microsoft.Authorization/policyDefinitions/40df99da-1232-49b1-a39a-6da8d878f469",
        "parameters": {
          "tagName": {
            "value": "[[parameters('Tag ccoeProject')]"
          }
        }
      },
      {
        "policyDefinitionReferenceId": "Inherit a ccoe stage tag from the subscription if missing",
        "policyDefinitionId": "/providers/Microsoft.Authorization/policyDefinitions/40df99da-1232-49b1-a39a-6da8d878f469",
        "parameters": {
          "tagName": {
            "value": "[[parameters('Tag ccoeStage')]"
          }
        }
      },
      {
        "policyDefinitionReferenceId": "Inherit a ccoe workloadteam tag from the subscription if missing",
        "policyDefinitionId": "/providers/Microsoft.Authorization/policyDefinitions/40df99da-1232-49b1-a39a-6da8d878f469",
        "parameters": {
          "tagName": {
            "value": "[[parameters('Tag ccoeWorkloadteam')]"
          }
        }
      }
    ]
  },
  "type": "Microsoft.Authorization/policySetDefinitions"
}
