{
  "Configure Azure Machine Learning workspace to use private DNS zones": {
    "parameters": {
      "privateDnsZoneId": {
        "value": "/subscriptions/8406eed5-3171-437f-90bf-184f698e5fd7/resourceGroups/rg-cnct-prod-privatednszones/providers/Microsoft.Network/privateDnsZones/privatelink.api.azureml.ms"
      },
      "secondPrivateDnsZoneId": {
        "value": "/subscriptions/8406eed5-3171-437f-90bf-184f698e5fd7/resourceGroups/rg-cnct-prod-privatednszones/providers/Microsoft.Network/privateDnsZones/privatelink.notebooks.azure.net"
      },
      "effect": {
        "value": "DeployIfNotExists"
      }
    }
  }
}