{
  "Deploy Advanced Data Security on SQL servers": {
    "parameters": {}
  },
  "SqlDbAuditingSettingsDeploySqlSecurity": {
    "parameters": {
      "effect": {
        "value": "[[parameters('SQL DB Auditing Settings Deploy SQL Security Effect')]"
      }
    }
  },
  "SqlDbSecurityAlertPoliciesDeploySqlSecurity": {
    "parameters": {
      "effect": {
        "value": "[[parameters('SQL DB Security Alert Policies Deploy SQL Security Effect')]"
      }
    }
  },
  "SqlDbTdeDeploySqlSecurity": {
    "parameters": {
      "effect": {
        "value": "[[parameters('SQL DB TDE Deploy SQL Security Effect')]"
      }
    }
  },
  "SqlDbVulnerabilityAssessmentsDeploySqlSecurity": {
    "parameters": {
      "effect": {
        "value": "[[parameters('SQL DB Vulnerability Assessments Deploy SQL Security Effect')]"
      },
      "vulnerabilityAssessmentsEmail": {
        "value": "[[parameters('vulnerability Assessments Email')]"
      },
      "vulnerabilityAssessmentsStorageID": {
        "value": "[[parameters('vulnerability Assessments Storage Account ID')]"
      }
    }
  }
}
