{
  "ascExport": {
    "parameters": {
      "resourceGroupName": {
        "value": "[[parameters('asc Export Resource Group Name')]"
      },
      "resourceGroupLocation": {
        "value": "[[parameters('asc Export Resource Group Location')]"
      },
      "workspaceResourceId": {
        "value": "[[parameters('logAnalytics')]"
      }
    }
  },
  "defenderForAppServices": {
    "parameters": {
      "effect": {
        "value": "[[parameters('enable Asc for App Services')]"
      }
    }
  },
  "defenderForArm": {
    "parameters": {
      "effect": {
        "value": "[[parameters('enable Asc for Arm')]"
      }
    }
  },
  "defenderforContainers": {
    "parameters": {
      "effect": {
        "value": "[[parameters('enable Asc for Containers')]"
      }
    }
  },
  "defenderForCosmosDB": {
    "parameters": {
      "effect": {
        "value": "[[parameters('enable Asc for CosmosDB')]"
      }
    }
  },
  "defenderForDns": {
    "parameters": {
      "effect": {
        "value": "[[parameters('enable Asc for Dns')]"
      }
    }
  },
  "defenderForKeyVaults": {
    "parameters": {
      "Effect": {
        "value": "[[parameters('enable Asc for KeyVault')]"
      }
    }
  },
  "defenderForOssDb": {
    "parameters": {
      "effect": {
        "value": "[[parameters('enable Asc for OssDb')]"
      }
    }
  },
  "defenderForSqlPaas": {
    "parameters": {
      "effect": {
        "value": "[[parameters('enable Asc for Sql')]"
      }
    }
  },
  "defenderForSqlServerVirtualMachines": {
    "parameters": {
      "effect": {
        "value": "[[parameters('enable Asc for SQL on VM')]"
      }
    }
  },
  "defenderForStorageAccounts": {
    "parameters": {
      "effect": {
        "value": "[[parameters('enable Asc for Storage')]"
      }
    }
  },
  "defenderForVM": {
    "parameters": {
      "effect": {
        "value": "[[parameters('enable Asc for Servers')]"
      }
    }
  },
  "Enable Security Center's auto provisioning of the Log Analytics agent on your subscriptions with custom workspace.": {
    "parameters": {
      "effect": {
        "value": "[[parameters('enable Security Center for custom LAW')]"
      },
      "logAnalytics": {
        "value": "[[parameters('logAnalytics')]"
      }
    }
  },
  "securityEmailContact": {
    "parameters": {
      "emailSecurityContact": {
        "value": "[[parameters('email Security Contact')]"
      }
    }
  },
  "vulnerabilityForVM": {
    "parameters": {
      "effect": {
        "value": "[[parameters('enable vulnerability assessmnet solution')]"
      },
      "vaType": {
        "value": "[[parameters('vulnerability for VM va Type')]"
      }
    }
  },
  "defenderCSPM": {
    "parameters": {
      "effect": {
        "value": "[[parameters('defenderCSPM')]"
      }
    }
  }
}
