{
  "name": "Deploy-privateDnsZoneConfigs",
  "properties": {
    "description": "Deploy Private DNS Zone Configs",
    "displayName": "Deploy Private DNS Zone Configs",
    "metadata": {
      "category": "General"
    },
    "parameters": {},
    "policyDefinitions": [
      {
        "policyDefinitionReferenceId": "Link afs to privatelink.afs.azure.net",
        "policyDefinitionId": "privateDNSConfigPolicyDefinitionID",
        "parameters": {
          "targetSubResourceType": {
            "value": "afs"
          },
          "targetResourceProvider": {
            "value": "Microsoft.StorageSync"
          },
          "privateDnsZoneId": {
            "value": "/subscriptions/8406eed5-3171-437f-90bf-184f698e5fd7/resourceGroups/rg-cnct-prod-privatednszones/providers/Microsoft.Network/privateDnsZones/privatelink.afs.azure.net"
          }
        }
      },
      {
        "policyDefinitionReferenceId": "Link App Configuration to privatelink.azconfig.io",
        "policyDefinitionId": "privateDNSConfigPolicyDefinitionID",
        "parameters": {
          "targetSubResourceType": {
            "value": "configurationStores"
          },
          "targetResourceProvider": {
            "value": "Microsoft.AppConfiguration"
          },
          "privateDnsZoneId": {
            "value": "/subscriptions/8406eed5-3171-437f-90bf-184f698e5fd7/resourceGroups/rg-cnct-prod-privatednszones/providers/Microsoft.Network/privateDnsZones/privatelink.azconfig.io"
          }
        }
      },
      {
        "policyDefinitionReferenceId": "Link Automation DSCAndHybridWorker to privatelink.azure-automation.net",
        "policyDefinitionId": "privateDNSConfigPolicyDefinitionID",
        "parameters": {
          "targetSubResourceType": {
            "value": "DSCAndHybridWorker"
          },
          "targetResourceProvider": {
            "value": "Microsoft.Automation"
          },
          "privateDnsZoneId": {
            "value": "/subscriptions/8406eed5-3171-437f-90bf-184f698e5fd7/resourceGroups/rg-cnct-prod-privatednszones/providers/Microsoft.Network/privateDnsZones/privatelink.azure-automation.net"
          }
        }
      },
      {
        "policyDefinitionReferenceId": "Link Automation Webook to privatelink.azure-automation.net",
        "policyDefinitionId": "privateDNSConfigPolicyDefinitionID",
        "parameters": {
          "targetSubResourceType": {
            "value": "Webhook"
          },
          "targetResourceProvider": {
            "value": "Microsoft.Automation"
          },
          "privateDnsZoneId": {
            "value": "/subscriptions/8406eed5-3171-437f-90bf-184f698e5fd7/resourceGroups/rg-cnct-prod-privatednszones/providers/Microsoft.Network/privateDnsZones/privatelink.azure-automation.net"
          }
        }
      },
      {
        "policyDefinitionReferenceId": "Link blob to privatelink.blob.core.windows.net",
        "policyDefinitionId": "privateDNSConfigPolicyDefinitionID",
        "parameters": {
          "targetSubResourceType": {
            "value": "blob"
          },
          "targetResourceProvider": {
            "value": "Microsoft.Storage"
          },
          "privateDnsZoneId": {
            "value": "/subscriptions/8406eed5-3171-437f-90bf-184f698e5fd7/resourceGroups/rg-cnct-prod-privatednszones/providers/Microsoft.Network/privateDnsZones/privatelink.blob.core.windows.net"
          }
        }
      },
      {
        "policyDefinitionReferenceId": "Link blob_secondary to privatelink.blob.core.windows.net",
        "policyDefinitionId": "privateDNSConfigPolicyDefinitionID",
        "parameters": {
          "targetSubResourceType": {
            "value": "blob_secondary"
          },
          "targetResourceProvider": {
            "value": "Microsoft.Storage"
          },
          "privateDnsZoneId": {
            "value": "/subscriptions/8406eed5-3171-437f-90bf-184f698e5fd7/resourceGroups/rg-cnct-prod-privatednszones/providers/Microsoft.Network/privateDnsZones/privatelink.blob.core.windows.net"
          }
        }
      },
      {
        "policyDefinitionReferenceId": "Link Cassandra to privatelink.cassandra.cosmos.azure.com",
        "policyDefinitionId": "privateDNSConfigPolicyDefinitionID",
        "parameters": {
          "targetSubResourceType": {
            "value": "Cassandra"
          },
          "targetResourceProvider": {
            "value": "Microsoft.DocumentDB"
          },
          "privateDnsZoneId": {
            "value": "/subscriptions/8406eed5-3171-437f-90bf-184f698e5fd7/resourceGroups/rg-cnct-prod-privatednszones/providers/Microsoft.Network/privateDnsZones/privatelink.cassandra.cosmos.azure.com"
          }
        }
      },
      {
        "policyDefinitionReferenceId": "Link Data Factory to privatelink.datafactory.azure.net",
        "policyDefinitionId": "privateDNSConfigPolicyDefinitionID",
        "parameters": {
          "targetSubResourceType": {
            "value": "dataFactory"
          },
          "targetResourceProvider": {
            "value": "Microsoft.DataFactory"
          },
          "privateDnsZoneId": {
            "value": "/subscriptions/8406eed5-3171-437f-90bf-184f698e5fd7/resourceGroups/rg-cnct-prod-privatednszones/providers/Microsoft.Network/privateDnsZones/privatelink.datafactory.azure.net"
          }
        }
      },
      {
        "policyDefinitionReferenceId": "Link Data Lake File System Gen2 secondary to privatelink.dfs.core.windows.net",
        "policyDefinitionId": "privateDNSConfigPolicyDefinitionID",
        "parameters": {
          "targetSubResourceType": {
            "value": "dfs_secondary"
          },
          "targetResourceProvider": {
            "value": "Microsoft.Storage"
          },
          "privateDnsZoneId": {
            "value": "/subscriptions/8406eed5-3171-437f-90bf-184f698e5fd7/resourceGroups/rg-cnct-prod-privatednszones/providers/Microsoft.Network/privateDnsZones/privatelink.dfs.core.windows.net"
          }
        }
      },
      {
        "policyDefinitionReferenceId": "Link Data Lake File System Gen2 to privatelink.dfs.core.windows.net",
        "policyDefinitionId": "privateDNSConfigPolicyDefinitionID",
        "parameters": {
          "targetSubResourceType": {
            "value": "dfs"
          },
          "targetResourceProvider": {
            "value": "Microsoft.Storage"
          },
          "privateDnsZoneId": {
            "value": "/subscriptions/8406eed5-3171-437f-90bf-184f698e5fd7/resourceGroups/rg-cnct-prod-privatednszones/providers/Microsoft.Network/privateDnsZones/privatelink.dfs.core.windows.net"
          }
        }
      },
      {
        "policyDefinitionReferenceId": "Link Digital Twins to privatelink.digitaltwins.azure.net",
        "policyDefinitionId": "privateDNSConfigPolicyDefinitionID",
        "parameters": {
          "targetSubResourceType": {
            "value": "digitalTwinsInstances"
          },
          "targetResourceProvider": {
            "value": "Microsoft.DigitalTwins"
          },
          "privateDnsZoneId": {
            "value": "/subscriptions/8406eed5-3171-437f-90bf-184f698e5fd7/resourceGroups/rg-cnct-prod-privatednszones/providers/Microsoft.Network/privateDnsZones/privatelink.digitaltwins.azure.net"
          }
        }
      },
      {
        "policyDefinitionReferenceId": "Link Event Grid domain to privatelink.eventgrid.azure.net",
        "policyDefinitionId": "privateDNSConfigPolicyDefinitionID",
        "parameters": {
          "targetSubResourceType": {
            "value": "domain"
          },
          "targetResourceProvider": {
            "value": "Microsoft.EventGrid"
          },
          "privateDnsZoneId": {
            "value": "/subscriptions/8406eed5-3171-437f-90bf-184f698e5fd7/resourceGroups/rg-cnct-prod-privatednszones/providers/Microsoft.Network/privateDnsZones/privatelink.eventgrid.azure.net"
          }
        }
      },
      {
        "policyDefinitionReferenceId": "Link Event Grid topic to privatelink.eventgrid.azure.net",
        "policyDefinitionId": "privateDNSConfigPolicyDefinitionID",
        "parameters": {
          "targetSubResourceType": {
            "value": "topic"
          },
          "targetResourceProvider": {
            "value": "Microsoft.EventGrid"
          },
          "privateDnsZoneId": {
            "value": "/subscriptions/8406eed5-3171-437f-90bf-184f698e5fd7/resourceGroups/rg-cnct-prod-privatednszones/providers/Microsoft.Network/privateDnsZones/privatelink.eventgrid.azure.net"
          }
        }
      },
      {
        "policyDefinitionReferenceId": "Link eventHub to privatelink.servicebus.windows.net",
        "policyDefinitionId": "privateDNSConfigPolicyDefinitionID",
        "parameters": {
          "targetSubResourceType": {
            "value": "namespace"
          },
          "targetResourceProvider": {
            "value": "Microsoft.EventHub"
          },
          "privateDnsZoneId": {
            "value": "/subscriptions/8406eed5-3171-437f-90bf-184f698e5fd7/resourceGroups/rg-cnct-prod-privatednszones/providers/Microsoft.Network/privateDnsZones/privatelink.servicebus.windows.net"
          }
        }
      },
      {
        "policyDefinitionReferenceId": "Link file to privatelink.file.core.windows.net",
        "policyDefinitionId": "privateDNSConfigPolicyDefinitionID",
        "parameters": {
          "targetSubResourceType": {
            "value": "file"
          },
          "targetResourceProvider": {
            "value": "Microsoft.Storage"
          },
          "privateDnsZoneId": {
            "value": "/subscriptions/8406eed5-3171-437f-90bf-184f698e5fd7/resourceGroups/rg-cnct-prod-privatednszones/providers/Microsoft.Network/privateDnsZones/privatelink.file.core.windows.net"
          }
        }
      },
      {
        "policyDefinitionReferenceId": "Link file_secondary to privatelink.file.core.windows.net",
        "policyDefinitionId": "privateDNSConfigPolicyDefinitionID",
        "parameters": {
          "targetSubResourceType": {
            "value": "file_secondary"
          },
          "targetResourceProvider": {
            "value": "Microsoft.Storage"
          },
          "privateDnsZoneId": {
            "value": "/subscriptions/8406eed5-3171-437f-90bf-184f698e5fd7/resourceGroups/rg-cnct-prod-privatednszones/providers/Microsoft.Network/privateDnsZones/privatelink.file.core.windows.net"
          }
        }
      },
      {
        "policyDefinitionReferenceId": "Link Gremlin to privatelink.gremlin.cosmos.azure.com",
        "policyDefinitionId": "privateDNSConfigPolicyDefinitionID",
        "parameters": {
          "targetSubResourceType": {
            "value": "Gremlin"
          },
          "targetResourceProvider": {
            "value": "Microsoft.DocumentDB"
          },
          "privateDnsZoneId": {
            "value": "/subscriptions/8406eed5-3171-437f-90bf-184f698e5fd7/resourceGroups/rg-cnct-prod-privatednszones/providers/Microsoft.Network/privateDnsZones/privatelink.gremlin.cosmos.azure.com"
          }
        }
      },
      {
        "policyDefinitionReferenceId": "Link iotHub to privatelink.azure-devices.net",
        "policyDefinitionId": "privateDNSConfigPolicyDefinitionID",
        "parameters": {
          "targetSubResourceType": {
            "value": "iotHub"
          },
          "targetResourceProvider": {
            "value": "Microsoft.Devices"
          },
          "privateDnsZoneId": {
            "value": "/subscriptions/8406eed5-3171-437f-90bf-184f698e5fd7/resourceGroups/rg-cnct-prod-privatednszones/providers/Microsoft.Network/privateDnsZones/privatelink.azure-devices.net"
          }
        }
      },
      {
        "policyDefinitionReferenceId": "Link mariadbServer to privatelink.mariadb.database.azure.com",
        "policyDefinitionId": "privateDNSConfigPolicyDefinitionID",
        "parameters": {
          "targetSubResourceType": {
            "value": "mariadbServer"
          },
          "targetResourceProvider": {
            "value": "Microsoft.DBforMariaDB"
          },
          "privateDnsZoneId": {
            "value": "/subscriptions/8406eed5-3171-437f-90bf-184f698e5fd7/resourceGroups/rg-cnct-prod-privatednszones/providers/Microsoft.Network/privateDnsZones/privatelink.mariadb.database.azure.com"
          }
        }
      },
      {
        "policyDefinitionReferenceId": "Link MongoDB to privatelink.mongo.cosmos.azure.com",
        "policyDefinitionId": "privateDNSConfigPolicyDefinitionID",
        "parameters": {
          "targetSubResourceType": {
            "value": "MongoDB"
          },
          "targetResourceProvider": {
            "value": "Microsoft.DocumentDB"
          },
          "privateDnsZoneId": {
            "value": "/subscriptions/8406eed5-3171-437f-90bf-184f698e5fd7/resourceGroups/rg-cnct-prod-privatednszones/providers/Microsoft.Network/privateDnsZones/privatelink.mongo.cosmos.azure.com"
          }
        }
      },
      {
        "policyDefinitionReferenceId": "Link mysqlServer to privatelink.mysql.database.azure.com",
        "policyDefinitionId": "privateDNSConfigPolicyDefinitionID",
        "parameters": {
          "targetSubResourceType": {
            "value": "mysqlServer"
          },
          "targetResourceProvider": {
            "value": "Microsoft.DBforMySQL"
          },
          "privateDnsZoneId": {
            "value": "/subscriptions/8406eed5-3171-437f-90bf-184f698e5fd7/resourceGroups/rg-cnct-prod-privatednszones/providers/Microsoft.Network/privateDnsZones/privatelink.mysql.database.azure.com"
          }
        }
      },
      {
        "policyDefinitionReferenceId": "Link postgresqlServer to privatelink.postgres.database.azure.com",
        "policyDefinitionId": "privateDNSConfigPolicyDefinitionID",
        "parameters": {
          "targetSubResourceType": {
            "value": "postgresqlServer"
          },
          "targetResourceProvider": {
            "value": "Microsoft.DBforPostgreSQL"
          },
          "privateDnsZoneId": {
            "value": "/subscriptions/8406eed5-3171-437f-90bf-184f698e5fd7/resourceGroups/rg-cnct-prod-privatednszones/providers/Microsoft.Network/privateDnsZones/privatelink.postgres.database.azure.com"
          }
        }
      },
      {
        "policyDefinitionReferenceId": "Link queue to privatelink.queue.core.windows.net",
        "policyDefinitionId": "privateDNSConfigPolicyDefinitionID",
        "parameters": {
          "targetSubResourceType": {
            "value": "queue"
          },
          "targetResourceProvider": {
            "value": "Microsoft.Storage"
          },
          "privateDnsZoneId": {
            "value": "/subscriptions/8406eed5-3171-437f-90bf-184f698e5fd7/resourceGroups/rg-cnct-prod-privatednszones/providers/Microsoft.Network/privateDnsZones/privatelink.queue.core.windows.net"
          }
        }
      },
      {
        "policyDefinitionReferenceId": "Link queue_secondary to privatelink.queue.core.windows.net",
        "policyDefinitionId": "privateDNSConfigPolicyDefinitionID",
        "parameters": {
          "targetSubResourceType": {
            "value": "queue_secondary"
          },
          "targetResourceProvider": {
            "value": "Microsoft.Storage"
          },
          "privateDnsZoneId": {
            "value": "/subscriptions/8406eed5-3171-437f-90bf-184f698e5fd7/resourceGroups/rg-cnct-prod-privatednszones/providers/Microsoft.Network/privateDnsZones/privatelink.queue.core.windows.net"
          }
        }
      },
      {
        "policyDefinitionReferenceId": "Link registry to privatelink.azurecr.io",
        "policyDefinitionId": "privateDNSConfigPolicyDefinitionID",
        "parameters": {
          "targetSubResourceType": {
            "value": "registry"
          },
          "targetResourceProvider": {
            "value": "Microsoft.ContainerRegistry"
          },
          "privateDnsZoneId": {
            "value": "/subscriptions/8406eed5-3171-437f-90bf-184f698e5fd7/resourceGroups/rg-cnct-prod-privatednszones/providers/Microsoft.Network/privateDnsZones/privatelink.azurecr.io"
          }
        }
      },
      {
        "policyDefinitionReferenceId": "Link Relay to privatelink.servicebus.windows.net",
        "policyDefinitionId": "privateDNSConfigPolicyDefinitionID",
        "parameters": {
          "targetSubResourceType": {
            "value": "namespace"
          },
          "targetResourceProvider": {
            "value": "Microsoft.Relay"
          },
          "privateDnsZoneId": {
            "value": "/subscriptions/8406eed5-3171-437f-90bf-184f698e5fd7/resourceGroups/rg-cnct-prod-privatednszones/providers/Microsoft.Network/privateDnsZones/privatelink.servicebus.windows.net"
          }
        }
      },
      {
        "policyDefinitionReferenceId": "Link Search Service to privatelink.search.windows.net",
        "policyDefinitionId": "privateDNSConfigPolicyDefinitionID",
        "parameters": {
          "targetSubResourceType": {
            "value": "searchService"
          },
          "targetResourceProvider": {
            "value": "Microsoft.Search"
          },
          "privateDnsZoneId": {
            "value": "/subscriptions/8406eed5-3171-437f-90bf-184f698e5fd7/resourceGroups/rg-cnct-prod-privatednszones/providers/Microsoft.Network/privateDnsZones/privatelink.search.windows.net"
          }
        }
      },
      {
        "policyDefinitionReferenceId": "Link serviceBus to privatelink.servicebus.windows.net",
        "policyDefinitionId": "privateDNSConfigPolicyDefinitionID",
        "parameters": {
          "targetSubResourceType": {
            "value": "namespace"
          },
          "targetResourceProvider": {
            "value": "Microsoft.ServiceBus"
          },
          "privateDnsZoneId": {
            "value": "/subscriptions/8406eed5-3171-437f-90bf-184f698e5fd7/resourceGroups/rg-cnct-prod-privatednszones/providers/Microsoft.Network/privateDnsZones/privatelink.servicebus.windows.net"
          }
        }
      },
      {
        "policyDefinitionReferenceId": "Link sites to privatelink.azurewebsites.net",
        "policyDefinitionId": "privateDNSConfigPolicyDefinitionID",
        "parameters": {
          "targetSubResourceType": {
            "value": "sites"
          },
          "targetResourceProvider": {
            "value": "Microsoft.Web"
          },
          "privateDnsZoneId": {
            "value": "/subscriptions/8406eed5-3171-437f-90bf-184f698e5fd7/resourceGroups/rg-cnct-prod-privatednszones/providers/Microsoft.Network/privateDnsZones/privatelink.azurewebsites.net"
          }
        }
      },
      {
        "policyDefinitionReferenceId": "Link sites slot to privatelink.azurewebsites.net",
        "policyDefinitionId": "privateDNSConfigPolicyDefinitionID",
        "parameters": {
          "targetSubResourceType": {
            "value": "sites-*"
          },
          "targetResourceProvider": {
            "value": "Microsoft.Web"
          },
          "privateDnsZoneId": {
            "value": "/subscriptions/8406eed5-3171-437f-90bf-184f698e5fd7/resourceGroups/rg-cnct-prod-privatednszones/providers/Microsoft.Network/privateDnsZones/privatelink.azurewebsites.net"
          }
        }
      },
      {
        "policyDefinitionReferenceId": "Link SQL to privatelink.documents.azure.com",
        "policyDefinitionId": "privateDNSConfigPolicyDefinitionID",
        "parameters": {
          "targetSubResourceType": {
            "value": "SQL"
          },
          "targetResourceProvider": {
            "value": "Microsoft.DocumentDB"
          },
          "privateDnsZoneId": {
            "value": "/subscriptions/8406eed5-3171-437f-90bf-184f698e5fd7/resourceGroups/rg-cnct-prod-privatednszones/providers/Microsoft.Network/privateDnsZones/privatelink.documents.azure.com"
          }
        }
      },
      {
        "policyDefinitionReferenceId": "Link sqlServer to privatelink.database.windows.net",
        "policyDefinitionId": "privateDNSConfigPolicyDefinitionID",
        "parameters": {
          "targetSubResourceType": {
            "value": "sqlServer"
          },
          "targetResourceProvider": {
            "value": "Microsoft.Sql"
          },
          "privateDnsZoneId": {
            "value": "/subscriptions/8406eed5-3171-437f-90bf-184f698e5fd7/resourceGroups/rg-cnct-prod-privatednszones/providers/Microsoft.Network/privateDnsZones/privatelink.database.windows.net"
          }
        }
      },
      {
        "policyDefinitionReferenceId": "Link Synapse Sql to privatelink.sql.azuresynapse.net",
        "policyDefinitionId": "privateDNSConfigPolicyDefinitionID",
        "parameters": {
          "targetSubResourceType": {
            "value": "Sql"
          },
          "targetResourceProvider": {
            "value": "Microsoft.Synapse"
          },
          "privateDnsZoneId": {
            "value": "/subscriptions/8406eed5-3171-437f-90bf-184f698e5fd7/resourceGroups/rg-cnct-prod-privatednszones/providers/Microsoft.Network/privateDnsZones/privatelink.sql.azuresynapse.net"
          }
        }
      },
      {
        "policyDefinitionReferenceId": "Link Synapse SqlOnDemand to privatelink.sql.azuresynapse.net",
        "policyDefinitionId": "privateDNSConfigPolicyDefinitionID",
        "parameters": {
          "targetSubResourceType": {
            "value": "SqlOnDemand"
          },
          "targetResourceProvider": {
            "value": "Microsoft.Synapse"
          },
          "privateDnsZoneId": {
            "value": "/subscriptions/8406eed5-3171-437f-90bf-184f698e5fd7/resourceGroups/rg-cnct-prod-privatednszones/providers/Microsoft.Network/privateDnsZones/privatelink.sql.azuresynapse.net"
          }
        }
      },
      {
        "policyDefinitionReferenceId": "Link table to privatelink.table.core.windows.net",
        "policyDefinitionId": "privateDNSConfigPolicyDefinitionID",
        "parameters": {
          "targetSubResourceType": {
            "value": "table"
          },
          "targetResourceProvider": {
            "value": "Microsoft.Storage"
          },
          "privateDnsZoneId": {
            "value": "/subscriptions/8406eed5-3171-437f-90bf-184f698e5fd7/resourceGroups/rg-cnct-prod-privatednszones/providers/Microsoft.Network/privateDnsZones/privatelink.table.core.windows.net"
          }
        }
      },
      {
        "policyDefinitionReferenceId": "Link table to privatelink.table.cosmos.azure.com",
        "policyDefinitionId": "privateDNSConfigPolicyDefinitionID",
        "parameters": {
          "targetSubResourceType": {
            "value": "table"
          },
          "targetResourceProvider": {
            "value": "Microsoft.DocumentDB"
          },
          "privateDnsZoneId": {
            "value": "/subscriptions/8406eed5-3171-437f-90bf-184f698e5fd7/resourceGroups/rg-cnct-prod-privatednszones/providers/Microsoft.Network/privateDnsZones/privatelink.table.cosmos.azure.com"
          }
        }
      },
      {
        "policyDefinitionReferenceId": "Link table_secondary to privatelink.table.core.windows.net",
        "policyDefinitionId": "privateDNSConfigPolicyDefinitionID",
        "parameters": {
          "targetSubResourceType": {
            "value": "table_secondary"
          },
          "targetResourceProvider": {
            "value": "Microsoft.Storage"
          },
          "privateDnsZoneId": {
            "value": "/subscriptions/8406eed5-3171-437f-90bf-184f698e5fd7/resourceGroups/rg-cnct-prod-privatednszones/providers/Microsoft.Network/privateDnsZones/privatelink.table.core.windows.net"
          }
        }
      },
      {
        "policyDefinitionReferenceId": "Link vault to privatelink.vaultcore.azure.net",
        "policyDefinitionId": "privateDNSConfigPolicyDefinitionID",
        "parameters": {
          "targetSubResourceType": {
            "value": "vault"
          },
          "targetResourceProvider": {
            "value": "Microsoft.KeyVault"
          },
          "privateDnsZoneId": {
            "value": "/subscriptions/8406eed5-3171-437f-90bf-184f698e5fd7/resourceGroups/rg-cnct-prod-privatednszones/providers/Microsoft.Network/privateDnsZones/privatelink.vaultcore.azure.net"
          }
        }
      },
      {
        "policyDefinitionReferenceId": "Link web to privatelink.web.core.windows.net",
        "policyDefinitionId": "privateDNSConfigPolicyDefinitionID",
        "parameters": {
          "targetSubResourceType": {
            "value": "web"
          },
          "targetResourceProvider": {
            "value": "Microsoft.Storage"
          },
          "privateDnsZoneId": {
            "value": "/subscriptions/8406eed5-3171-437f-90bf-184f698e5fd7/resourceGroups/rg-cnct-prod-privatednszones/providers/Microsoft.Network/privateDnsZones/privatelink.web.core.windows.net"
          }
        }
      },
      {
        "policyDefinitionReferenceId": "Link web_secondary to privatelink.web.core.windows.net",
        "policyDefinitionId": "privateDNSConfigPolicyDefinitionID",
        "parameters": {
          "targetSubResourceType": {
            "value": "web_secondary"
          },
          "targetResourceProvider": {
            "value": "Microsoft.Storage"
          },
          "privateDnsZoneId": {
            "value": "/subscriptions/8406eed5-3171-437f-90bf-184f698e5fd7/resourceGroups/rg-cnct-prod-privatednszones/providers/Microsoft.Network/privateDnsZones/privatelink.web.core.windows.net"
          }
        }
      },
      {
        "policyDefinitionReferenceId": "Link browser_authentication to privatelink.azuredatabricks.net",
        "policyDefinitionId": "privateDNSConfigPolicyDefinitionID",
        "parameters": {
          "targetSubResourceType": {
            "value": "browser_authentication"
          },
          "targetResourceProvider": {
            "value": "Microsoft.Databricks"
          },
          "privateDnsZoneId": {
            "value": "/subscriptions/8406eed5-3171-437f-90bf-184f698e5fd7/resourceGroups/rg-cnct-prod-privatednszones/providers/Microsoft.Network/privateDnsZones/privatelink.azuredatabricks.net"
          }
        }
      },
      {
        "policyDefinitionReferenceId": "Link databricks_ui_api to privatelink.azuredatabricks.net",
        "policyDefinitionId": "privateDNSConfigPolicyDefinitionID",
        "parameters": {
          "targetSubResourceType": {
            "value": "databricks_ui_api"
          },
          "targetResourceProvider": {
            "value": "Microsoft.Databricks"
          },
          "privateDnsZoneId": {
            "value": "/subscriptions/8406eed5-3171-437f-90bf-184f698e5fd7/resourceGroups/rg-cnct-prod-privatednszones/providers/Microsoft.Network/privateDnsZones/privatelink.azuredatabricks.net"
          }
        }
      }
    ]
  },
  "type": "Microsoft.Authorization/policySetDefinitions"
}
