{
  "Inherit a ccoe billingID tag from the subscription if missing": {
    "parameters": {
      "tagName": {
        "value": "[[parameters('Tag ccoeBillingID')]"
      }
    }
  },
  "Inherit a ccoe owner tag from the subscription if missing": {
    "parameters": {
      "tagName": {
        "value": "[[parameters('Tag ccoeOwner')]"
      }
    }
  },
  "Inherit a ccoe project tag from the subscription if missing": {
    "parameters": {
      "tagName": {
        "value": "[[parameters('Tag ccoeProject')]"
      }
    }
  },
  "Inherit a ccoe stage tag from the subscription if missing": {
    "parameters": {
      "tagName": {
        "value": "[[parameters('Tag ccoeStage')]"
      }
    }
  },
  "Inherit a ccoe workloadteam tag from the subscription if missing": {
    "parameters": {
      "tagName": {
        "value": "[[parameters('Tag ccoeWorkloadteam')]"
      }
    }
  }
}
