{
  "name": "Deploy-MDFC-Config",
  "properties": {
    "description": "Deploy Microsoft Defender for Cloud configuration",
    "displayName": "Deploy Microsoft Defender for Cloud configuration",
    "metadata": {
      "version": "3.0.0",
      "category": "Security Center"
    },
    "parameters": {
      "asc Export Resource Group Location": {
        "type": "String",
        "metadata": {
          "displayName": "Resource Group location for the export to Log Analytics workspace configuration",
          "description": "The location where the resource group and the export to Log Analytics workspace configuration are created."
        }
      },
      "asc Export Resource Group Name": {
        "type": "String",
        "metadata": {
          "displayName": "Resource Group name for the export to Log Analytics workspace configuration",
          "description": "The resource group name where the export to Log Analytics workspace configuration is created. If you enter a name for a resource group that doesn't exist, it'll be created in the subscription. Note that each resource group can only have one export to Log Analytics workspace configured."
        }
      },
      "email Security Contact": {
        "type": "string",
        "metadata": {
          "displayName": "Security contacts email address",
          "description": "Provide email address for Microsoft Defender for Cloud contact details"
        }
      },
      "enable Asc for App Services": {
        "type": "String",
        "metadata": {
          "displayName": "Effect",
          "description": "Enable or disable the execution of the policy"
        },
        "defaultValue": "DeployIfNotExists",
        "allowedValues": [
          "DeployIfNotExists",
          "Disabled"
        ]
      },
      "enable Asc for Arm": {
        "type": "String",
        "metadata": {
          "displayName": "Effect",
          "description": "Enable or disable the execution of the policy"
        },
        "defaultValue": "DeployIfNotExists",
        "allowedValues": [
          "DeployIfNotExists",
          "Disabled"
        ]
      },
      "enable Asc for Containers": {
        "type": "String",
        "metadata": {
          "displayName": "Effect",
          "description": "Enable or disable the execution of the policy"
        },
        "defaultValue": "DeployIfNotExists",
        "allowedValues": [
          "DeployIfNotExists",
          "Disabled"
        ]
      },
      "enable Asc for CosmosDB": {
        "type": "String",
        "metadata": {
          "displayName": "Effect",
          "description": "Enable or disable the execution of the policy"
        },
        "defaultValue": "DeployIfNotExists",
        "allowedValues": [
          "DeployIfNotExists",
          "Disabled"
        ]
      },
      "enable Asc for Dns": {
        "type": "String",
        "metadata": {
          "displayName": "Effect",
          "description": "Enable or disable the execution of the policy"
        },
        "defaultValue": "DeployIfNotExists",
        "allowedValues": [
          "DeployIfNotExists",
          "Disabled"
        ]
      },
      "enable Asc for KeyVault": {
        "type": "String",
        "metadata": {
          "displayName": "Effect",
          "description": "Enable or disable the execution of the policy"
        },
        "defaultValue": "DeployIfNotExists",
        "allowedValues": [
          "DeployIfNotExists",
          "Disabled"
        ]
      },
      "enable Asc for OssDb": {
        "type": "String",
        "metadata": {
          "displayName": "Effect",
          "description": "Enable or disable the execution of the policy"
        },
        "defaultValue": "DeployIfNotExists",
        "allowedValues": [
          "DeployIfNotExists",
          "Disabled"
        ]
      },
      "enable Asc for Servers": {
        "type": "String",
        "metadata": {
          "displayName": "Effect",
          "description": "Enable or disable the execution of the policy"
        },
        "defaultValue": "DeployIfNotExists",
        "allowedValues": [
          "DeployIfNotExists",
          "Disabled"
        ]
      },
      "enable Asc for Sql": {
        "type": "String",
        "metadata": {
          "displayName": "Effect",
          "description": "Enable or disable the execution of the policy"
        },
        "defaultValue": "DeployIfNotExists",
        "allowedValues": [
          "DeployIfNotExists",
          "Disabled"
        ]
      },
      "enable Asc for SQL on VM": {
        "type": "String",
        "metadata": {
          "displayName": "Effect",
          "description": "Enable or disable the execution of the policy"
        },
        "defaultValue": "DeployIfNotExists",
        "allowedValues": [
          "DeployIfNotExists",
          "Disabled"
        ]
      },
      "enable Asc for Storage": {
        "type": "String",
        "metadata": {
          "displayName": "Effect",
          "description": "Enable or disable the execution of the policy"
        },
        "defaultValue": "DeployIfNotExists",
        "allowedValues": [
          "DeployIfNotExists",
          "Disabled"
        ]
      },
      "enable Security Center for custom LAW": {
        "type": "String",
        "metadata": {
          "displayName": "Effect",
          "description": "Enable or disable the execution of the policy"
        },
        "defaultValue": "DeployIfNotExists",
        "allowedValues": [
          "DeployIfNotExists",
          "Disabled"
        ]
      },
      "enable vulnerability assessmnet solution": {
        "type": "String",
        "metadata": {
          "displayName": "Effect",
          "description": "Enable or disable the execution of the policy"
        },
        "defaultValue": "DeployIfNotExists",
        "allowedValues": [
          "DeployIfNotExists",
          "Disabled"
        ]
      },
      "logAnalytics": {
        "type": "String",
        "metadata": {
          "displayName": "Primary Log Analytics workspace",
          "description": "Select Log Analytics workspace from dropdown list. If this workspace is outside of the scope of the assignment you must manually grant 'Log Analytics Contributor' permissions (or similar) to the policy assignment's principal ID.",
          "strongType": "omsWorkspace"
        }
      },
      "vulnerability for VM va Type": {
        "type": "String",
        "metadata": {
          "displayName": "Vulnerability assessment provider type",
          "description": "Select the vulnerability assessment solution to provision to machines."
        },
        "defaultValue": "default",
        "allowedValues": [
          "default",
          "mdeTvm"
        ]
      },
      "defenderCSPM": {
        "type": "String",
        "metadata": {
          "displayName": "Effect",
          "description": "Enable or disable the execution of the policy"
        },
        "defaultValue": "Disabled",
        "allowedValues": [
          "DeployIfNotExists",
          "Disabled"
        ]
      }
    },
    "policyDefinitions": [
      {
        "policyDefinitionReferenceId": "ascExport",
        "policyDefinitionId": "/providers/Microsoft.Authorization/policyDefinitions/ffb6f416-7bd2-4488-8828-56585fef2be9",
        "parameters": {
          "resourceGroupName": {
            "value": "[[parameters('asc Export Resource Group Name')]"
          },
          "resourceGroupLocation": {
            "value": "[[parameters('asc Export Resource Group Location')]"
          },
          "workspaceResourceId": {
            "value": "[[parameters('logAnalytics')]"
          }
        },
        "groupNames": []
      },
      {
        "policyDefinitionReferenceId": "defenderForAppServices",
        "policyDefinitionId": "/providers/Microsoft.Authorization/policyDefinitions/b40e7bcd-a1e5-47fe-b9cf-2f534d0bfb7d",
        "parameters": {
          "effect": {
            "value": "[[parameters('enable Asc for App Services')]"
          }
        },
        "groupNames": []
      },
      {
        "policyDefinitionReferenceId": "defenderForArm",
        "policyDefinitionId": "/providers/Microsoft.Authorization/policyDefinitions/b7021b2b-08fd-4dc0-9de7-3c6ece09faf9",
        "parameters": {
          "effect": {
            "value": "[[parameters('enable Asc for Arm')]"
          }
        },
        "groupNames": []
      },
      {
        "policyDefinitionReferenceId": "defenderforContainers",
        "policyDefinitionId": "/providers/Microsoft.Authorization/policyDefinitions/c9ddb292-b203-4738-aead-18e2716e858f",
        "parameters": {
          "effect": {
            "value": "[[parameters('enable Asc for Containers')]"
          }
        },
        "groupNames": []
      },
      {
        "policyDefinitionReferenceId": "defenderForCosmosDB",
        "policyDefinitionId": "/providers/Microsoft.Authorization/policyDefinitions/82bf5b87-728b-4a74-ba4d-6123845cf542",
        "parameters": {
          "effect": {
            "value": "[[parameters('enable Asc for CosmosDB')]"
          }
        },
        "groupNames": []
      },
      {
        "policyDefinitionReferenceId": "defenderForDns",
        "policyDefinitionId": "/providers/Microsoft.Authorization/policyDefinitions/2370a3c1-4a25-4283-a91a-c9c1a145fb2f",
        "parameters": {
          "effect": {
            "value": "[[parameters('enable Asc for Dns')]"
          }
        },
        "groupNames": []
      },
      {
        "policyDefinitionReferenceId": "defenderForKeyVaults",
        "policyDefinitionId": "/providers/Microsoft.Authorization/policyDefinitions/1f725891-01c0-420a-9059-4fa46cb770b7",
        "parameters": {
          "Effect": {
            "value": "[[parameters('enable Asc for KeyVault')]"
          }
        },
        "groupNames": []
      },
      {
        "policyDefinitionReferenceId": "defenderForOssDb",
        "policyDefinitionId": "/providers/Microsoft.Authorization/policyDefinitions/44433aa3-7ec2-4002-93ea-65c65ff0310a",
        "parameters": {
          "effect": {
            "value": "[[parameters('enable Asc for OssDb')]"
          }
        },
        "groupNames": []
      },
      {
        "policyDefinitionReferenceId": "defenderForSqlPaas",
        "policyDefinitionId": "/providers/Microsoft.Authorization/policyDefinitions/b99b73e7-074b-4089-9395-b7236f094491",
        "parameters": {
          "effect": {
            "value": "[[parameters('enable Asc for Sql')]"
          }
        },
        "groupNames": []
      },
      {
        "policyDefinitionReferenceId": "defenderForSqlServerVirtualMachines",
        "policyDefinitionId": "/providers/Microsoft.Authorization/policyDefinitions/50ea7265-7d8c-429e-9a7d-ca1f410191c3",
        "parameters": {
          "effect": {
            "value": "[[parameters('enable Asc for SQL on VM')]"
          }
        },
        "groupNames": []
      },
      {
        "policyDefinitionReferenceId": "defenderForStorageAccounts",
        "policyDefinitionId": "/providers/Microsoft.Authorization/policyDefinitions/74c30959-af11-47b3-9ed2-a26e03f427a3",
        "parameters": {
          "effect": {
            "value": "[[parameters('enable Asc for Storage')]"
          }
        },
        "groupNames": []
      },
      {
        "policyDefinitionReferenceId": "defenderForVM",
        "policyDefinitionId": "/providers/Microsoft.Authorization/policyDefinitions/8e86a5b6-b9bd-49d1-8e21-4bb8a0862222",
        "parameters": {
          "effect": {
            "value": "[[parameters('enable Asc for Servers')]"
          }
        },
        "groupNames": []
      },
      {
        "policyDefinitionReferenceId": "Enable Security Center's auto provisioning of the Log Analytics agent on your subscriptions with custom workspace.",
        "policyDefinitionId": "/providers/Microsoft.Authorization/policyDefinitions/8e7da0a5-0a0e-4bbc-bfc0-7773c018b616",
        "parameters": {
          "effect": {
            "value": "[[parameters('enable Security Center for custom LAW')]"
          },
          "logAnalytics": {
            "value": "[[parameters('logAnalytics')]"
          }
        },
        "groupNames": []
      },
      {
        "policyDefinitionReferenceId": "securityEmailContact",
        "policyDefinitionId": "${varTargetManagementGroupResourceId}/providers/Microsoft.Authorization/policyDefinitions/Deploy-ASC-SecurityContacts",
        "parameters": {
          "emailSecurityContact": {
            "value": "[[parameters('email Security Contact')]"
          }
        },
        "groupNames": []
      },
      {
        "policyDefinitionReferenceId": "vulnerabilityForVM",
        "policyDefinitionId": "/providers/Microsoft.Authorization/policyDefinitions/13ce0167-8ca6-4048-8e6b-f996402e3c1b",
        "parameters": {
          "effect": {
            "value": "[[parameters('enable vulnerability assessmnet solution')]"
          },
          "vaType": {
            "value": "[[parameters('vulnerability for VM va Type')]"
          }
        },
        "groupNames": []
      },
      {
        "policyDefinitionReferenceId": "defenderCSPM",
        "policyDefinitionId": "/providers/Microsoft.Authorization/policyDefinitions/689f7782-ef2c-4270-a6d0-7664869076bd",
        "parameters": {
          "effect": {
            "value": "[[parameters('defenderCSPM')]"
          }
        },
        "groupNames": []
      }
    ]
  },
  "scope": null,
  "type": "Microsoft.Authorization/policySetDefinitions"
}
