{
  "ApplicationGatewayDeployDiagnosticLogDeployLogAnalytics": {
    "parameters": {
      "logAnalytics": {
        "value": "[[parameters('logAnalytics')]"
      },
      "effect": {
        "value": "[[parameters('ApplicationGatewayLogAnalyticsEffect')]"
      },
      "profileName": {
        "value": "[[parameters('profileName')]"
      }
    }
  },
  "ExpressRouteDeployDiagnosticLogDeployLogAnalytics": {
    "parameters": {
      "logAnalytics": {
        "value": "[[parameters('logAnalytics')]"
      },
      "effect": {
        "value": "[[parameters('ExpressRouteLogAnalyticsEffect')]"
      },
      "profileName": {
        "value": "[[parameters('profileName')]"
      }
    }
  },
  "FirewallDeployDiagnosticLogDeployLogAnalytics": {
    "parameters": {
      "logAnalytics": {
        "value": "[[parameters('logAnalytics')]"
      },
      "effect": {
        "value": "[[parameters('FirewallLogAnalyticsEffect')]"
      },
      "profileName": {
        "value": "[[parameters('profileName')]"
      }
    }
  },
  "FrontDoorDeployDiagnosticLogDeployLogAnalytics": {
    "parameters": {
      "logAnalytics": {
        "value": "[[parameters('logAnalytics')]"
      },
      "effect": {
        "value": "[[parameters('FrontDoorLogAnalyticsEffect')]"
      },
      "profileName": {
        "value": "[[parameters('profileName')]"
      }
    }
  },
  "IotHubDeployDiagnosticLogDeployLogAnalytics": {
    "parameters": {
      "logAnalytics": {
        "value": "[[parameters('logAnalytics')]"
      },
      "effect": {
        "value": "[[parameters('IotHubLogAnalyticsEffect')]"
      },
      "profileName": {
        "value": "[[parameters('profileName')]"
      }
    }
  },
  "VNetGWDeployDiagnosticLogDeployLogAnalytics": {
    "parameters": {
      "logAnalytics": {
        "value": "[[parameters('logAnalytics')]"
      },
      "effect": {
        "value": "[[parameters('VNetGWLogAnalyticsEffect')]"
      },
      "profileName": {
        "value": "[[parameters('profileName')]"
      }
    }
  },
}
