{
  "[Deprecated]: SQL servers should use customer-managed keys to encrypt data at rest": {
    "parameters": {
      "effect": {
        "value": "[[parameters('SqlServerTDECMKEffect')]"
      }
    }
  },
  "Azure API for FHIR should use a customer-managed key to encrypt data at rest": {
    "parameters": {
      "effect": {
        "value": "[[parameters('HealthcareAPIsCMKEffect')]"
      }
    }
  },
  "Azure Batch account should use customer-managed keys to encrypt data": {
    "parameters": {
      "effect": {
        "value": "[[parameters('AzureBatchCMKEffect')]"
      }
    }
  },
  "Azure Cosmos DB accounts should use customer-managed keys to encrypt data at rest": {
    "parameters": {
      "effect": {
        "value": "[[parameters('CosmosCMKEffect')]"
      }
    }
  },
  "Azure Data Box jobs should use a customer-managed key to encrypt the device unlock password": {
    "parameters": {
      "effect": {
        "value": "[[parameters('DataBoxCMKEffect')]"
      }
    }
  },
  "Azure Machine Learning workspaces should be encrypted with a customer-managed key": {
    "parameters": {
      "effect": {
        "value": "[[parameters('WorkspaceCMKEffect')]"
      }
    }
  },
  "Azure Policy definition Container registries should be encrypted with a customer-managed key": {
    "parameters": {
      "effect": {
        "value": "[[parameters('ACRCmkEffect')]"
      }
    }
  },
  "Azure Stream Analytics jobs should use customer-managed keys to encrypt data": {
    "parameters": {
      "effect": {
        "value": "[[parameters('StreamAnalyticsCMKEffect')]"
      }
    }
  },
  "Azure Synapse workspaces should use customer-managed keys to encrypt data at rest": {
    "parameters": {
      "effect": {
        "value": "[[parameters('SynapseWorkspaceCMKEffect')]"
      }
    }
  },
  "Both operating systems and data disks in Azure Kubernetes Service clusters should be encrypted by customer-managed keys": {
    "parameters": {
      "effect": {
        "value": "[[parameters('AksCmkEffect')]"
      }
    }
  },
  "Cognitive Services accounts should enable data encryption with a customer-managed key": {
    "parameters": {
      "effect": {
        "value": "[[parameters('CognitiveServicesCMKEffect')]"
      }
    }
  },
  "MySQL servers should use customer-managed keys to encrypt data at rest": {
    "parameters": {
      "effect": {
        "value": "[[parameters('MySQLCMKEffect')]"
      }
    }
  },
  "PostgreSQL servers should use customer-managed keys to encrypt data at rest": {
    "parameters": {
      "effect": {
        "value": "[[parameters('PostgreSQLCMKEffect')]"
      }
    }
  },
  "Storage accounts should use customer-managed key for encryption": {
    "parameters": {
      "effect": {
        "value": "[[parameters('StorageCMKEffect')]"
      }
    }
  },
  "Virtual machines should encrypt temp disks, caches, and data flows between Compute and Storage resources": {
    "parameters": {
      "effect": {
        "value": "[[parameters('EncryptedVMDisksEffect')]"
      }
    }
  }
}
