{
  "ConfigVersion": "2.0.0",
  "context": "<none>",
  "deploymentLock": true,
  "LZVersion": "1.5.0",
  "MgmtGrId": "mg-corp",
  "number": "<none>",
  "project": "dom",
  "ResourceNames": {
    "rgRsvNorthEurope": "rg-dom-log-rsv-neu",
    "rgRsvWestEurope": "rg-dom-log-rsv-weu",
    "rgVnet": "rg-dom-log-vnet",
    "rsvNameNorthEurope": "rsv-dom-log-neu",
    "rsvNameWestEurope": "rsv-dom-log-weu",
    "vnetName": "vnt-weu-log-dom"
  },
  "stage": "log",
  "Tag": {
    "ccoe_billingID": "DOML_202112",
    "ccoe_owner": "konstantin.eckle@aldi-nord.de",
    "ccoe_project": "dom",
    "ccoe_stage": "log",
    "ccoe_technicalcontact": "konstantin.eckle@aldi-nord.de",
    "ccoe_workloadteam": "<none>"
  },
  "vnetAddressPrefix": "10.227.70.0/26",
  "vnetDNSServers": [
    "10.228.34.42"
  ]
}
