{
  "ConfigVersion": "2.0.0",
  "context": "<none>",
  "deploymentLock": true,
  "LZVersion": "2.1.0",
  "MgmtGrId": "mg-corp",
  "number": "<none>",
  "project": "vmut",
  "ResourceNames": {
    "rgRsvNorthEurope": "rg-vmut-prd-rsv-neu",
    "rgRsvWestEurope": "rg-vmut-prd-rsv-weu",
    "rgVnet": "rg-vmut-prd-vnet",
    "rsvNameNorthEurope": "rsv-vmut-prd-neu",
    "rsvNameWestEurope": "rsv-vmut-prd-weu",
    "vnetName": "vnt-vmut-prd-weu"
  },
  "stage": "prd",
  "Tag": {
    "ccoe_billingID": "ccoe_202207",
    "ccoe_owner": "alexander.thoemmes@aldi-nord.de",
    "ccoe_project": "vmut",
    "ccoe_stage": "prd",
    "ccoe_technicalcontact": "abdallah.sras@ext.aldi-nord.de",
    "ccoe_workloadteam": "AZR.AA.ALL.O365.sub-vmut-prd.Notification@aldi-nord.com"
  },
  "vnetAddressPrefix": "10.227.199.0/24",
  "vnetDNSServers": [
    "10.228.34.42"
  ]
}
