{
  "ConfigVersion": "2.0.0",
  "context": "<none>",
  "deploymentLock": true,
  "LZVersion": "2.0.5",
  "MgmtGrId": "mg-sap",
  "number": "<none>",
  "project": "s4f",
  "ResourceNames": {
    "rgRsvNorthEurope": "rg-de-ohg-tf-tp-s4f-int-rsv-neu",
    "rgRsvWestEurope": "rg-de-ohg-tf-tp-s4f-int-rsv-weu",
    "rgVnet": "rg-s4f-int-vnet",
    "rsvNameNorthEurope": "rsv-de-ohg-tf-tp-s4f-int-neu",
    "rsvNameWestEurope": "rsv-de-ohg-tf-tp-s4f-int-weu",
    "vnetName": "vnt-we-int-s4f"
  },
  "stage": "int",
  "Tag": {
    "ccoe_billingID": "SAP4_202208",
    "ccoe_owner": "ahmet.kuecuek@aldi-nord.de",
    "ccoe_project": "s4f",
    "ccoe_stage": "int",
    "ccoe_technicalcontact": "ahmet.kuecuek@aldi-nord.de",
    "ccoe_workloadteam": "AZR.AA.ALL.O365.sub-de-ohg-tf-tp-s4f-int.Notification@aldi-nord.com"
  },
  "vnetAddressPrefix": "10.227.4.0/24",
  "vnetDNSServers": [
    "10.228.34.42"
  ]
}
