{
  "type": "Microsoft.Authorization/policyDefinitions",
  "apiVersion": "2021-06-01",
  "name": "Config-PrivateDNSopenAI",
  "scope": null,
  "properties": {
    "description": "Configure Private DNS for OpenAI",
    "displayName": "Configure Private DNS for OpenAI",
    "metadata": {
      "version": "1.0.0",
      "category": "Network"
    },
    "mode": "Indexed",
    "parameters": {
      "defaultPrivateDnsZoneId": {
        "type": "String",
        "metadata": {
          "displayName": "Default Private DNS Zone ID",
          "strongType": "Microsoft.Network/privateDnsZones"
        }
      },
      "openaiPrivateDnsZoneId": {
        "type": "String",
        "metadata": {
          "displayName": "OpenAI Private DNS Zone ID",
          "strongType": "Microsoft.Network/privateDnsZones"
        }
      }
    },
    "policyRule": {
      "if": {
        "allOf": [
          {
            "equals": "Microsoft.Network/privateEndpoints",
            "field": "type"
          },
          {
            "count": {
              "field": "Microsoft.Network/privateEndpoints/privateLinkServiceConnections[*]",
              "where": {
                "allOf": [
                  {
                    "field": "Microsoft.Network/privateEndpoints/privateLinkServiceConnections[*].privateLinkServiceId",
                    "contains": "Microsoft.CognitiveServices/accounts"
                  },
                  {
                    "field": "Microsoft.Network/privateEndpoints/privateLinkServiceConnections[*].groupIds[*]",
                    "equals": "account"
                  }
                ]
              }
            },
            "greaterOrEquals": 1
          }
        ]
      },
      "then": {
        "effect": "deployIfNotExists",
        "details": {
          "type": "Microsoft.Network/privateEndpoints/privateDnsZoneGroups",
          "roleDefinitionIds": [
            "/providers/Microsoft.Authorization/roleDefinitions/4d97b98b-1d4f-4787-a291-c67834d212e7",
            "/providers/Microsoft.Authorization/roleDefinitions/acdd72a7-3385-48ef-bd42-f606fba81ae7"
          ],
          "deployment": {
            "properties": {
              "mode": "incremental",
              "parameters": {
                "defaultPrivateDnsZoneId": {
                  "value": "[parameters('defaultPrivateDnsZoneId')]"
                },
                "openaiPrivateDnsZoneId": {
                  "value": "[parameters('openaiPrivateDnsZoneId')]"
                },
                "privateEndpointName": {
                  "value": "[field('name')]"
                },
                "location": {
                  "value": "[field('location')]"
                },
                "privateLinkServiceId": {
                  "value": "[field('Microsoft.Network/privateEndpoints/privateLinkServiceConnections[*].privateLinkServiceId')]"
                }
              },
              "template": {
                "$schema": "https://schema.management.azure.com/schemas/2019-04-01/deploymentTemplate.json#",
                "contentVersion": "1.0.0.0",
                "parameters": {
                  "defaultPrivateDnsZoneId": {
                    "type": "string"
                  },
                  "openaiPrivateDnsZoneId": {
                    "type": "string"
                  },
                  "privateEndpointName": {
                    "type": "string"
                  },
                  "location": {
                    "type": "string"
                  },
                  "privateLinkServiceId": {
                    "type": "array"
                  }
                },
                "resources": [
                  {
                    "apiVersion": "2022-07-01",
                    "location": "[parameters('location')]",
                    "name": "[concat(parameters('privateEndpointName'), '/deployedByPolicy')]",
                    "properties": {
                      "privateDnsZoneConfigs": [
                        {
                          "name": "account-private-dns-zone",
                          "properties": {
                            "privateDnsZoneId": "[if(equals(reference(parameters('privateLinkServiceId')[0], '2022-12-01', 'Full').kind, 'OpenAI'), parameters('openaiPrivateDnsZoneId'), parameters('defaultPrivateDnsZoneId'))]"
                          }
                        }
                      ]
                    },
                    "type": "Microsoft.Network/privateEndpoints/privateDnsZoneGroups"
                  }
                ]
              }
            }
          }
        }
      }
    },
    "policyType": "Custom"
  }
}