{
  "ConfigVersion": "2.0.0",
  "context": "<none>",
  "deploymentLock": true,
  "LZVersion": "2.1.0",
  "MgmtGrId": "mg-corp",
  "number": "<none>",
  "project": "glap",
  "ResourceNames": {
    "rgRsvNorthEurope": "rg-glap-prd-rsv-neu",
    "rgRsvWestEurope": "rg-glap-prd-rsv-weu",
    "rgVnet": "rg-glap-prd-vnet",
    "rsvNameNorthEurope": "rsv-glap-prd-neu",
    "rsvNameWestEurope": "rsv-glap-prd-weu",
    "vnetName": "vnt-glap-prd-weu"
  },
  "stage": "prd",
  "Tag": {
    "ccoe_billingID": "loga0723",
    "ccoe_owner": "benjamin.schmidt-utech@aldi-nord.de",
    "ccoe_project": "glap",
    "ccoe_stage": "prd",
    "ccoe_technicalcontact": "benjamin.schmidt-utech@aldi-nord.de",
    "ccoe_workloadteam": "AZR.AA.ALL.O365.sub-glap-prd.Notification@aldi-nord.com"
  },
  "vnetAddressPrefix": "10.227.180.0/25",
  "vnetDNSServers": [
    "10.228.34.42"
  ]
}
