{
  "ConfigVersion": "2.0.0",
  "context": "<none>",
  "deploymentLock": true,
  "LZVersion": "2.0.5",
  "MgmtGrId": "build-mg-online",
  "number": "<none>",
  "project": "lztstonline",
  "ResourceNames": {
    "rgRsvNorthEurope": "rg-lztstonline-build-rsv-neu",
    "rgRsvWestEurope": "rg-lztstonline-build-rsv-weu",
    "rgVnet": "rg-lztstonline-build-vnet",
    "rsvNameNorthEurope": "rsv-lztstonline-build-neu",
    "rsvNameWestEurope": "rsv-lztstonline-build-weu",
    "vnetName": "vnt-lztstonline-build-weu"
  },
  "stage": "build",
  "Tag": {
    "ccoe_billingID": "CCOE_202207",
    "ccoe_owner": "alexander.thoemmes@aldi-nord.de",
    "ccoe_project": "lztstonline",
    "ccoe_stage": "build",
    "ccoe_technicalcontact": "lukasz.nedzi@ext.aldi-nord.de",
    "ccoe_workloadteam": "AZR.AA.ALL.O365.sub-lztstonline-build.Notification@aldi-nord.com"
  },
  "vnetAddressPrefix": "<none>",
  "vnetDNSServers": []
}
