{
    "$schema": "https://schema.management.azure.com/schemas/2019-04-01/deploymentParameters.json#",
    "contentVersion": "1.0.0.0",
    "parameters": {
        "tags": {
            "value": {
                "ccoe_billingID": "20027",
                "ccoe_owner": "aljoscha.schneider@aldi-nord.de",
                "ccoe_project": "sase",
                "ccoe_stage": "prod",
                "ccoe_technicalcontact": "aljoscha.schneider@aldi-nord.de",
                "ccoe_workloadteam": "AZR.AA.ALL.O365.sub-sase-prod.Notification@aldi-nord.com"
            }
        }

    }
}