{
  "ConfigVersion": "2.0.0",
  "context": "<none>",
  "deploymentLock": true,
  "LZVersion": "2.0.5",
  "MgmtGrId": "mg-corp",
  "number": "<none>",
  "project": "lims",
  "ResourceNames": {
    "rgRsvNorthEurope": "rg-lims-int-rsv-neu",
    "rgRsvWestEurope": "rg-lims-int-rsv-weu",
    "rgVnet": "rg-lims-int-vnet",
    "rsvNameNorthEurope": "rsv-lims-int-neu",
    "rsvNameWestEurope": "rsv-lims-int-weu",
    "vnetName": "vnt-weu-int-lims"
  },
  "stage": "int",
  "Tag": {
    "ccoe_billingID": "LIMS_202207",
    "ccoe_owner": "petra.doering@aldi-nord.de",
    "ccoe_project": "lims",
    "ccoe_stage": "int",
    "ccoe_technicalcontact": "vu-dang-huy.tran@aldi-nord.de",
    "ccoe_workloadteam": "AZR.AA.ALL.O365.sub-lims-int.Notification@aldi-nord.com"
  },
  "vnetAddressPrefix": "10.227.71.144/28",
  "vnetDNSServers": [
    "10.228.34.42"
  ]
}
