{
  "ConfigVersion": "2.0.0",
  "context": "agw",
  "deploymentLock": true,
  "LZVersion": "2.0.5",
  "MgmtGrId": "mg-corp",
  "number": "<none>",
  "project": "aisp",
  "ResourceNames": {
    "rgRsvNorthEurope": "rg-aisp-prd-rsv-neu",
    "rgRsvWestEurope": "rg-aisp-prd-rsv-weu",
    "rgVnet": "rg-aisp-prd-vnet",
    "rsvNameNorthEurope": "rsv-aisp-prd-neu",
    "rsvNameWestEurope": "rsv-aisp-prd-weu",
    "vnetName": "vnt-aisp-prd-weu"
  },
  "stage": "prd",
  "Tag": {
    "ccoe_billingID": "APIM_202303",
    "ccoe_owner": "sascha.dimmig@aldi-nord.de",
    "ccoe_project": "aisp",
    "ccoe_stage": "prd",
    "ccoe_technicalcontact": "oliver.schimratzki@ext.aldi-nord.de",
    "ccoe_workloadteam": "AZR.AA.ALL.O365.sub-aisp-prd-agw.Notification@aldi-nord.com"
  },
  "vnetAddressPrefix": "10.227.172.0/24",
  "vnetDNSServers": [
    "10.228.34.42"
  ]
}
