{
  "ConfigVersion": "2.0.0",
  "context": "<none>",
  "deploymentLock": true,
  "LZVersion": "2.0.5",
  "MgmtGrId": "mg-online",
  "number": "001",
  "project": "migr",
  "ResourceNames": {
    "rgRsvNorthEurope": "rg-migr-prd-rsv-neu",
    "rgRsvWestEurope": "rg-migr-prd-rsv-weu",
    "rgVnet": "<none>",
    "rsvNameNorthEurope": "rsv-migr-prd-neu",
    "rsvNameWestEurope": "rsv-migr-prd-weu",
    "vnetName": "<none>"
  },
  "stage": "prd",
  "Tag": {
    "ccoe_billingID": "MIGR_202210",
    "ccoe_owner": "Christian.Weihs@aldi-nord.de",
    "ccoe_project": "migr",
    "ccoe_stage": "prd",
    "ccoe_technicalcontact": "Christian.Weihs@aldi-nord.de",
    "ccoe_workloadteam": "AZR.AA.ALL.O365.sub-migr-prd-001.Notification@aldi-nord.com"
  },
  "vnetAddressPrefix": "<none>",
  "vnetDNSServers": []
}
