{
    "ConfigVersion": "2.0.0",
    "context": "<none>",
    "deploymentLock": true,
    "LZVersion": "2.0.5",
    "MgmtGrId": "build-mg-corp",
    "number": "<none>",
    "project": "lztstcorp",
    "ResourceNames": {
      "rgRsvNorthEurope": "rg-lztstcorp-build-rsv-neu",
      "rgRsvWestEurope": "rg-lztstcorp-build-rsv-weu",
      "rgVnet": "rg-lztstcorp-build-vnet",
      "rsvNameNorthEurope": "rsv-lztstcorp-build-neu",
      "rsvNameWestEurope": "rsv-lztstcorp-build-weu",
      "vnetName": "vnt-lztstcorp-build-weu"
    },
    "stage": "build",
    "Tag": {
      "ccoe_billingID": "CCOE_202207",
      "ccoe_owner": "alexander.thoemmes@aldi-nord.de",
      "ccoe_project": "lztstcorp",
      "ccoe_stage": "build",
      "ccoe_technicalcontact": "lukasz.nedzi@ext.aldi-nord.de",
      "ccoe_workloadteam": "AZR.AA.ALL.O365.sub-lztstcorp-build.Notification@aldi-nord.com"
    },
    "vnetAddressPrefix": "<none>",
    "vnetDNSServers": []
  }
  