{
  "ConfigVersion": "2.0.0",
  "context": "<none>",
  "deploymentLock": true,
  "LZVersion": "2.1.0",
  "MgmtGrId": "mg-corp",
  "number": "<none>",
  "project": "iam",
  "ResourceNames": {
    "rgRsvNorthEurope": "rg-iam-prd-rsv-neu",
    "rgRsvWestEurope": "rg-iam-prd-rsv-weu",
    "rgVnet": "rg-iam-prd-vnet",
    "rsvNameNorthEurope": "rsv-iam-prd-neu",
    "rsvNameWestEurope": "rsv-iam-prd-weu",
    "vnetName": "vnt-iam-prd-weu"
  },
  "stage": "prd",
  "Tag": {
    "ccoe_billingID": "iam1023",
    "ccoe_owner": "jacek.baniak@aldi-techhub.pl",
    "ccoe_project": "iam",
    "ccoe_stage": "prd",
    "ccoe_technicalcontact": "jacek.baniak@aldi-techhub.pl",
    "ccoe_workloadteam": "AZR.AA.ALL.O365.sub-iam-prd.Notification@aldi-nord.com"
  },
  "vnetAddressPrefix": "10.227.177.208/29",
  "vnetDNSServers": [
    "10.228.34.42"
  ]
}
