{
  "ConfigVersion": "2.0.0",
  "context": "<none>",
  "deploymentLock": true,
  "LZVersion": "2.1.0",
  "MgmtGrId": "mg-corp",
  "number": "<none>",
  "project": "a365",
  "ResourceNames": {
    "rgRsvNorthEurope": "rg-a365-prd-rsv-neu",
    "rgRsvWestEurope": "rg-a365-prd-rsv-weu",
    "rgVnet": "rg-a365-prd-vnet",
    "rsvNameNorthEurope": "rsv-a365-prd-neu",
    "rsvNameWestEurope": "rsv-a365-prd-weu",
    "vnetName": "vnt-a365-prd-weu"
  },
  "stage": "prd",
  "Tag": {
    "ccoe_billingID": "de708198",
    "ccoe_owner": "marius.heidenstecker@aldi-nord.de",
    "ccoe_project": "a365",
    "ccoe_stage": "prd",
    "ccoe_technicalcontact": "kevin.czapla@aldi-nord.de",
    "ccoe_workloadteam": "AZR.AA.ALL.O365.sub-a365-prd.Notification@aldi-nord.com"
  },
  "vnetAddressPrefix": "10.227.92.224/27",
  "vnetDNSServers": [
    "10.228.34.42"
  ]
}
