{
  "ConfigVersion": "2.0.0",
  "context": "<none>",
  "deploymentLock": true,
  "LZVersion": "2.0.5",
  "MgmtGrId": "mg-online",
  "number": "<none>",
  "project": "aec",
  "ResourceNames": {
    "rgRsvNorthEurope": "rg-aec-int-rsv-neu",
    "rgRsvWestEurope": "rg-aec-int-rsv-weu",
    "rgVnet": "<none>",
    "rsvNameNorthEurope": "rsv-aec-int-neu",
    "rsvNameWestEurope": "rsv-aec-int-weu",
    "vnetName": "<none>"
  },
  "stage": "int",
  "Tag": {
    "ccoe_billingID": "180058",
    "ccoe_owner": "marcus.dege@aldi-nord.de",
    "ccoe_project": "aec",
    "ccoe_stage": "int",
    "ccoe_technicalcontact": "dimitri.petruschenko@aldi-nord.de",
    "ccoe_workloadteam": "AZR.AA.ALL.O365.sub-aec-int.Notification@aldi-nord.com"
  },
  "vnetAddressPrefix": "<none>",
  "vnetDNSServers": []
}
