{
  "$schema": "https://schema.management.azure.com/schemas/2019-04-01/deploymentParameters.json#",
  "contentVersion": "1.0.0.0",
  "parameters": {
    "subParameter": {
      "value": {
        "stageShort": "prd",
        "stage": "prd",
        "regionShort": "weu"
      }
    },
    "tags": {
      "value": {
        "ccoe_billingID": "CCOE_202207",
        "ccoe_owner": "alexander.thoemmes@aldi-nord.de",
        "ccoe_project": "CCOE",
        "ccoe_stage": "prd",
        "ccoe_technicalcontact": "lukasz.nedzi@ext.aldi-nord.de",
        "ccoe_workloadteam": "ccoe-platform@aldi-nord.de"
      }
    },
    "saParam": {
      "value": {
        "name": "stccoeprdvmss003",
        "blobServices": {
          "containers": [
              {
                "name": "aibscripts",
                "publicAccess": "None"
              },
              {
                "name": "images",
                "publicAccess": "None"
              },
              {
                "name": "system",
                "publicAccess": "None"
              }
          ]
        } 
      }
    },
    "caParam": {
      "value": {
        "name": "Cost alert: sub-ccoe-prd-imaging",
        "amount": 700,
        "contactEmails": [
          "ccoe-platform@aldi-nord.de"
        ],
        "thresholds": [
          90,
          100,
          110
        ]
      }
    },
    "acgParam": {
      "value": {
          "name": "aibgallery002",
          "images": [
            {
              "name": "linux-sid-prod-001",
              "osType": "Linux",
              "publisher": "canonical",
              "offer": "0001-com-ubuntu-server-focal",
              "sku": "20_04-lts-gen2"
            },
            {
              "name": "windows-sid-prod-001",
              "osType": "Windows",
              "publisher": "devops",
              "offer": "devops_windows",
              "sku": "devops_windows_az"
            },
            {
              "name": "linux-sid-prod-script-001",
              "osType": "Linux",
              "publisher": "devops",
              "offer": "customise_linux",
              "sku": "devops_linux_script"
            },
            {
              "name": "windows-sid-prod-script-001",
              "osType": "Windows",
              "publisher": "devops",
              "offer": "customise_windows",
              "sku": "devops_windows_script"
            }
          ]
      }
    }
  }
}