{
  "name": "Deploy-AKS-Policy",
  "type": "Microsoft.Authorization/policyAssignments",
  "apiVersion": "2019-09-01",
  "properties": {
    "description": "Use Azure Policy Add-on to manage and report on the compliance state of your Azure Kubernetes Service (AKS) clusters. For more information, see https://aka.ms/akspolicydoc.",
    "displayName": "Deploy Azure Policy Add-on to Azure Kubernetes Service clusters",
    "notScopes": [],
    "parameters": {
      "effect": {
        "value": "DeployIfNotExists"
      }
    },
    "policyDefinitionId": "/providers/Microsoft.Authorization/policyDefinitions/a8eff44f-8c92-45c3-a3fb-9880802d67a7",
    "managementGroupId": null,
    "enforcementMode": "Default"
  },
  "location": null,
  "identity": {
    "type": "SystemAssigned"
  }
}