{
  "name": "Deny-DataB-Vnet",
  "type": "Microsoft.Authorization/policyAssignments",
  "apiVersion": "2019-09-01",
  "properties": {
    "description": "Enforces the use of vnet injection for Databricks workspaces.",
    "displayName": "Enforces the use of vnet injection for Databricks",
    "notScopes": [],
    "parameters": {
      "effect": {
        "value": "Deny"
      }
    },
    "policyDefinitionId": "${modManagementGroups.outputs.outTopLevelManagementGroupId}/providers/Microsoft.Authorization/policyDefinitions/Deny-Databricks-VirtualNetwork",
    "managementGroupId": null,
    "enforcementMode": "Default"
  },
  "location": null,
  "identity": {
    "type": "None"
  }
}
