{
  "name": "Deploy-VM-Monitoring",
  "type": "Microsoft.Authorization/policyAssignments",
  "apiVersion": "2019-09-01",
  "properties": {
    "description": "Enable Azure Monitor for the virtual machines (VMs) in the specified scope (management group, subscription or resource group). Takes Log Analytics workspace as parameter.",
    "displayName": "Enable Azure Monitor for VMs",
    "notScopes": [],
    "parameters": {
      "logAnalytics_1": {
        "value": "/subscriptions/00000000-0000-0000-0000-000000000000/resourcegroups/${parTopLevelManagementGroupPrefix}-mgmt/providers/Microsoft.OperationalInsights/workspaces/${parTopLevelManagementGroupPrefix}-la"
      }
    },
    "policyDefinitionId": "/providers/Microsoft.Authorization/policySetDefinitions/55f3eceb-5573-4f18-9695-226972c6d74a",
    "managementGroupId": null,
    "enforcementMode": "Default"
  },
  "location": null,
  "identity": {
    "type": "SystemAssigned"
  }
}