{
  "ConfigVersion": "2.0.0",
  "context": "dos",
  "deploymentLock": true,
  "LZVersion": "2.0.5",
  "MgmtGrId": "mg-corp",
  "number": "<none>",
  "project": "astm",
  "ResourceNames": {
    "rgRsvNorthEurope": "rg-astm-prd-rsv-neu",
    "rgRsvWestEurope": "rg-astm-prd-rsv-weu",
    "rgVnet": "rg-astm-prd-vnet",
    "rsvNameNorthEurope": "rsv-astm-prd-neu",
    "rsvNameWestEurope": "rsv-astm-prd-weu",
    "vnetName": "vnt-astm-prd-weu"
  },
  "stage": "prd",
  "Tag": {
    "ccoe_billingID": "ASTM_202202",
    "ccoe_owner": "sascha.boetzel@aldi-nord.de",
    "ccoe_project": "astm",
    "ccoe_stage": "prd",
    "ccoe_technicalcontact": "sascha.boetzel@aldi-nord.de",
    "ccoe_workloadteam": "AZR.AA.ALL.O365.sub-astm-prd-dos.Notification@aldi-nord.com"
  },
  "vnetAddressPrefix": "10.227.115.0/24",
  "vnetDNSServers": [
    "10.228.34.42"
  ]
}
