{
  "ConfigVersion": "2.0.0",
  "context": "<none>",
  "deploymentLock": true,
  "LZVersion": "2.0.5",
  "MgmtGrId": "mg-corp",
  "number": "<none>",
  "project": "scngo",
  "ResourceNames": {
    "rgRsvNorthEurope": "rg-scngo-int-rsv-neu",
    "rgRsvWestEurope": "rg-scngo-int-rsv-weu",
    "rgVnet": "rg-scngo-int-vnet",
    "rsvNameNorthEurope": "rsv-scngo-int-neu",
    "rsvNameWestEurope": "rsv-scngo-int-weu",
    "vnetName": "vnt-we-int-scngo"
  },
  "stage": "int",
  "Tag": {
    "ccoe_billingID": "SCNG_202202",
    "ccoe_owner": "bartosz.jablonski@aldi-nord.de",
    "ccoe_project": "scngo",
    "ccoe_stage": "int",
    "ccoe_technicalcontact": "jonas.brauckmann@aldi-nord.de",
    "ccoe_workloadteam": "AZR.AA.ALL.O365.sub-scngo-int.Notification@aldi-nord.com"
  },
  "vnetAddressPrefix": "10.227.58.0/24",
  "vnetDNSServers": [
    "10.228.34.42"
  ]
}
