{
  "ConfigVersion": "2.0.0",
  "context": "<none>",
  "deploymentLock": true,
  "LZVersion": "2.1.0",
  "MgmtGrId": "mg-corp",
  "number": "<none>",
  "project": "otx",
  "ResourceNames": {
    "rgRsvNorthEurope": "rg-otx-prd-rsv-neu",
    "rgRsvWestEurope": "rg-otx-prd-rsv-weu",
    "rgVnet": "rg-otx-prd-vnet",
    "rsvNameNorthEurope": "rsv-otx-prd-neu",
    "rsvNameWestEurope": "rsv-otx-prd-weu",
    "vnetName": "vnt-otx-prd-weu"
  },
  "stage": "prd",
  "Tag": {
    "ccoe_billingID": "de708155",
    "ccoe_owner": "ahmet.kuecuek@aldi-nord.de",
    "ccoe_project": "otx",
    "ccoe_stage": "prd",
    "ccoe_technicalcontact": "angelika.koke@aldi-nord.de",
    "ccoe_workloadteam": "AZR.AA.ALL.O365.sub-otx-prd.Notification@aldi-nord.com"
  },
  "vnetAddressPrefix": "10.227.181.0/24",
  "vnetDNSServers": [
    "10.228.34.42"
  ]
}
